{"1.JPG24008":{"filename":"1.JPG","size":24008,"regions":[{"shape_attributes":{"name":"rect","x":141,"y":89,"width":83,"height":53},"region_attributes":{"Name":"disease"}},{"shape_attributes":{"name":"rect","x":157,"y":160,"width":17,"height":68},"region_attributes":{"Name":"disease"}},{"shape_attributes":{"name":"rect","x":51,"y":114,"width":78,"height":65},"region_attributes":{"Name":"healthy"}},{"shape_attributes":{"name":"rect","x":97,"y":16,"width":21,"height":23},"region_attributes":{"Name":"disease"}},{"shape_attributes":{"name":"rect","x":96,"y":59,"width":21,"height":18},"region_attributes":{"Name":"disease"}}],"file_attributes":{}},"2.JPG20656":{"filename":"2.JPG","size":20656,"regions":[{"shape_attributes":{"name":"rect","x":36,"y":63,"width":24,"height":33},"region_attributes":{"Name":"disease"}},{"shape_attributes":{"name":"circle","cx":120,"cy":39,"r":12},"region_attributes":{"Name":"disease"}},{"shape_attributes":{"name":"circle","cx":208,"cy":91,"r":9},"region_attributes":{"Name":"disease"}},{"shape_attributes":{"name":"circle","cx":131,"cy":106,"r":51},"region_attributes":{"Name":"healthy"}}],"file_attributes":{}},"3.JPG20234":{"filename":"3.JPG","size":20234,"regions":[{"shape_attributes":{"name":"polygon","all_points_x":[108,111,131,143,161,171,180,171,173,192,208,219,218,225,239,242,230,227,198,179,146,138,122],"all_points_y":[16,34,43,37,42,57,65,72,88,88,83,83,97,107,106,88,74,52,21,18,13,8,16]},"region_attributes":{"Name":"disease"}},{"shape_attributes":{"name":"ellipse","cx":112,"cy":168,"rx":18,"ry":8,"theta":0},"region_attributes":{"Name":"disease"}},{"shape_attributes":{"name":"circle","cx":88,"cy":93,"r":58.189},"region_attributes":{"Name":"healthy"}},{"shape_attributes":{"name":"circle","cx":176,"cy":128,"r":33},"region_attributes":{"Name":"healthy"}}],"file_attributes":{}},"4.JPG18570":{"filename":"4.JPG","size":18570,"regions":[{"shape_attributes":{"name":"polygon","all_points_x":[50,55,66,71,87,90,78],"all_points_y":[68,87,94,80,63,44,39]},"region_attributes":{"Name":"disease"}},{"shape_attributes":{"name":"polygon","all_points_x":[49,42,65,124,196,224,171,111,90,66],"all_points_y":[86,135,169,206,193,129,52,23,67,103]},"region_attributes":{"Name":"healthy"}}],"file_attributes":{}},"5.JPG19886":{"filename":"5.JPG","size":19886,"regions":[],"file_attributes":{}},"6.JPG20757":{"filename":"6.JPG","size":20757,"regions":[],"file_attributes":{}},"7.JPG21490":{"filename":"7.JPG","size":21490,"regions":[],"file_attributes":{}},"8.JPG20937":{"filename":"8.JPG","size":20937,"regions":[],"file_attributes":{}},"9.JPG15721":{"filename":"9.JPG","size":15721,"regions":[],"file_attributes":{}},"10.JPG16997":{"filename":"10.JPG","size":16997,"regions":[],"file_attributes":{}},"11.JPG19746":{"filename":"11.JPG","size":19746,"regions":[],"file_attributes":{}},"12.JPG19966":{"filename":"12.JPG","size":19966,"regions":[],"file_attributes":{}},"13.JPG14205":{"filename":"13.JPG","size":14205,"regions":[],"file_attributes":{}},"14.JPG18066":{"filename":"14.JPG","size":18066,"regions":[],"file_attributes":{}},"15.JPG18464":{"filename":"15.JPG","size":18464,"regions":[{"shape_attributes":{"name":"circle","cx":167,"cy":171,"r":7.211},"region_attributes":{"Name":"disease"}},{"shape_attributes":{"name":"circle","cx":67,"cy":112,"r":12.166},"region_attributes":{"Name":"disease"}},{"shape_attributes":{"name":"circle","cx":176,"cy":120,"r":5.385},"region_attributes":{"Name":"disease"}},{"shape_attributes":{"name":"polygon","all_points_x":[77,59,68,95,93,98,100,111,105,116,125,136,133,116,111,108,119,128,137,129,117,97],"all_points_y":[25,59,73,87,98,101,111,106,93,93,104,101,91,73,79,53,44,45,40,23,14,27]},"region_attributes":{"Name":"disease"}},{"shape_attributes":{"name":"circle","cx":110,"cy":154,"r":42.426},"region_attributes":{"Name":"healthy"}},{"shape_attributes":{"name":"circle","cx":161,"cy":69,"r":29.967},"region_attributes":{"Name":"healthy"}}],"file_attributes":{}},"16.JPG16438":{"filename":"16.JPG","size":16438,"regions":[],"file_attributes":{}},"17.JPG19225":{"filename":"17.JPG","size":19225,"regions":[],"file_attributes":{}},"18.JPG22054":{"filename":"18.JPG","size":22054,"regions":[],"file_attributes":{}},"19.JPG15299":{"filename":"19.JPG","size":15299,"regions":[],"file_attributes":{}},"20.JPG18512":{"filename":"20.JPG","size":18512,"regions":[],"file_attributes":{}}}