{"1.JPG24008":{"filename":"1.JPG","size":24008,"regions":[{"shape_attributes":{"name":"rect","x":141,"y":89,"width":83,"height":53},"region_attributes":{"Name":"disease"}},{"shape_attributes":{"name":"rect","x":157,"y":160,"width":17,"height":68},"region_attributes":{"Name":"disease"}},{"shape_attributes":{"name":"rect","x":51,"y":114,"width":78,"height":65},"region_attributes":{"Name":"healthy"}},{"shape_attributes":{"name":"rect","x":97,"y":16,"width":21,"height":23},"region_attributes":{"Name":"disease"}},{"shape_attributes":{"name":"rect","x":96,"y":59,"width":21,"height":18},"region_attributes":{"Name":"disease"}}],"file_attributes":{}},"2.JPG20656":{"filename":"2.JPG","size":20656,"regions":[{"shape_attributes":{"name":"rect","x":36,"y":63,"width":24,"height":33},"region_attributes":{"Name":"disease"}},{"shape_attributes":{"name":"circle","cx":120,"cy":39,"r":12},"region_attributes":{"Name":"disease"}},{"shape_attributes":{"name":"circle","cx":208,"cy":91,"r":9},"region_attributes":{"Name":"disease"}},{"shape_attributes":{"name":"circle","cx":131,"cy":106,"r":51},"region_attributes":{"Name":"healthy"}}],"file_attributes":{}},"3.JPG20234":{"filename":"3.JPG","size":20234,"regions":[{"shape_attributes":{"name":"polygon","all_points_x":[108,111,131,143,161,171,180,171,173,192,208,219,218,225,239,242,230,227,198,179,146,138,122],"all_points_y":[16,34,43,37,42,57,65,72,88,88,83,83,97,107,106,88,74,52,21,18,13,8,16]},"region_attributes":{"Name":"disease"}},{"shape_attributes":{"name":"ellipse","cx":112,"cy":168,"rx":18,"ry":8,"theta":0},"region_attributes":{"Name":"disease"}},{"shape_attributes":{"name":"circle","cx":88,"cy":93,"r":58.189},"region_attributes":{"Name":"healthy"}},{"shape_attributes":{"name":"circle","cx":176,"cy":128,"r":33},"region_attributes":{"Name":"healthy"}}],"file_attributes":{}},"4.JPG18570":{"filename":"4.JPG","size":18570,"regions":[{"shape_attributes":{"name":"polygon","all_points_x":[50,55,66,71,87,90,78],"all_points_y":[68,87,94,80,63,44,39]},"region_attributes":{"Name":"disease"}},{"shape_attributes":{"name":"polygon","all_points_x":[49,42,65,124,196,224,171,111,90,66],"all_points_y":[86,135,169,206,193,129,52,23,67,103]},"region_attributes":{"Name":"healthy"}}],"file_attributes":{}},"5.JPG19886":{"filename":"5.JPG","size":19886,"regions":[{"shape_attributes":{"name":"circle","cx":203,"cy":86,"r":16},"region_attributes":{"Name":"disease"}},{"shape_attributes":{"name":"polygon","all_points_x":[169,74,31,42,96,119,170,197,228,186,183,198],"all_points_y":[15,52,123,184,223,237,189,153,121,104,57,51]},"region_attributes":{"Name":"healthy"}}],"file_attributes":{}},"6.JPG20757":{"filename":"6.JPG","size":20757,"regions":[{"shape_attributes":{"name":"rect","x":137,"y":66,"width":88,"height":151},"region_attributes":{"Name":"disease"}},{"shape_attributes":{"name":"rect","x":81,"y":21,"width":48,"height":91},"region_attributes":{"Name":"disease"}},{"shape_attributes":{"name":"polygon","all_points_x":[42,120,129,94,55],"all_points_y":[131,129,206,213,179]},"region_attributes":{"Name":"healthy"}}],"file_attributes":{}},"7.JPG21490":{"filename":"7.JPG","size":21490,"regions":[{"shape_attributes":{"name":"rect","x":84,"y":25,"width":58,"height":40},"region_attributes":{"Name":"disease"}},{"shape_attributes":{"name":"circle","cx":67,"cy":55,"r":13},"region_attributes":{"Name":"disease"}},{"shape_attributes":{"name":"circle","cx":152,"cy":121,"r":9.22},"region_attributes":{"Name":"disease"}},{"shape_attributes":{"name":"circle","cx":175,"cy":80,"r":10},"region_attributes":{"Name":"disease"}},{"shape_attributes":{"name":"polygon","all_points_x":[47,149,130,134,99,50,29],"all_points_y":[71,73,115,147,144,123,77]},"region_attributes":{"Name":"healthy"}}],"file_attributes":{}},"8.JPG20937":{"filename":"8.JPG","size":20937,"regions":[{"shape_attributes":{"name":"circle","cx":63,"cy":46,"r":17},"region_attributes":{"Name":"disease"}},{"shape_attributes":{"name":"circle","cx":163,"cy":70,"r":12.207},"region_attributes":{"Name":"disease"}},{"shape_attributes":{"name":"circle","cx":160,"cy":121,"r":9},"region_attributes":{"Name":"disease"}},{"shape_attributes":{"name":"polygon","all_points_x":[42,86,89,144,174,144,140,150,197,194,139,153,185,136,75,41],"all_points_y":[66,68,34,25,22,60,80,86,96,121,102,143,141,170,167,122]},"region_attributes":{"Name":"healthy"}}],"file_attributes":{}},"9.JPG15721":{"filename":"9.JPG","size":15721,"regions":[{"shape_attributes":{"name":"rect","x":41,"y":51,"width":132,"height":121},"region_attributes":{"Name":"healthy"}},{"shape_attributes":{"name":"rect","x":187,"y":37,"width":38,"height":81},"region_attributes":{"Name":"healthy"}},{"shape_attributes":{"name":"circle","cx":190,"cy":128,"r":13},"region_attributes":{"Name":"disease"}}],"file_attributes":{}},"10.JPG16997":{"filename":"10.JPG","size":16997,"regions":[{"shape_attributes":{"name":"polygon","all_points_x":[41,92,118,137,207,225,127,121,126,83,88,132,91,49,24,46],"all_points_y":[119,172,159,176,139,84,56,72,49,33,26,20,20,58,89,144]},"region_attributes":{"Name":"healthy"}},{"shape_attributes":{"name":"circle","cx":117,"cy":176,"r":11.402},"region_attributes":{"Name":"disease"}},{"shape_attributes":{"name":"circle","cx":149,"cy":50,"r":13.342},"region_attributes":{"Name":"disease"}}],"file_attributes":{}},"11.JPG19746":{"filename":"11.JPG","size":19746,"regions":[{"shape_attributes":{"name":"polygon","all_points_x":[61,20,44,112,181,197,237,241,152],"all_points_y":[186,120,65,10,28,13,52,109,169]},"region_attributes":{"Name":"healthy"}}],"file_attributes":{}},"12.JPG19966":{"filename":"12.JPG","size":19966,"regions":[{"shape_attributes":{"name":"circle","cx":213,"cy":82,"r":16.763},"region_attributes":{"Name":"disease"}},{"shape_attributes":{"name":"polygon","all_points_x":[43,183,190,229,143,102,32],"all_points_y":[73,18,105,107,200,216,146]},"region_attributes":{"Name":"healthy"}}],"file_attributes":{}},"13.JPG14205":{"filename":"13.JPG","size":14205,"regions":[{"shape_attributes":{"name":"circle","cx":218,"cy":41,"r":23},"region_attributes":{"Name":"disease"}},{"shape_attributes":{"name":"circle","cx":138,"cy":191,"r":14},"region_attributes":{"Name":"disease"}},{"shape_attributes":{"name":"circle","cx":209,"cy":128,"r":11},"region_attributes":{"Name":"disease"}},{"shape_attributes":{"name":"circle","cx":33,"cy":193,"r":20},"region_attributes":{"Name":"disease"}},{"shape_attributes":{"name":"polygon","all_points_x":[69,85,107,177,182,147,82,70],"all_points_y":[162,203,188,114,50,53,125,163]},"region_attributes":{"Name":"healthy"}}],"file_attributes":{}},"14.JPG18066":{"filename":"14.JPG","size":18066,"regions":[{"shape_attributes":{"name":"circle","cx":72,"cy":59,"r":14},"region_attributes":{"Name":"disease"}},{"shape_attributes":{"name":"circle","cx":114,"cy":72,"r":18},"region_attributes":{"Name":"disease"}},{"shape_attributes":{"name":"rect","x":152,"y":31,"width":50,"height":19},"region_attributes":{"Name":"disease"}},{"shape_attributes":{"name":"polygon","all_points_x":[54,115,151,198,217,214,143,92,56,36],"all_points_y":[72,103,73,59,86,140,179,190,143,89]},"region_attributes":{"Name":"healthy"}}],"file_attributes":{}},"15.JPG18464":{"filename":"15.JPG","size":18464,"regions":[{"shape_attributes":{"name":"circle","cx":167,"cy":171,"r":7.211},"region_attributes":{"Name":"disease"}},{"shape_attributes":{"name":"circle","cx":67,"cy":112,"r":12.166},"region_attributes":{"Name":"disease"}},{"shape_attributes":{"name":"circle","cx":176,"cy":120,"r":5.385},"region_attributes":{"Name":"disease"}},{"shape_attributes":{"name":"polygon","all_points_x":[77,59,68,95,93,98,100,111,105,116,125,136,133,116,111,108,119,128,137,129,117,97],"all_points_y":[25,59,73,87,98,101,111,106,93,93,104,101,91,73,79,53,44,45,40,23,14,27]},"region_attributes":{"Name":"disease"}},{"shape_attributes":{"name":"circle","cx":110,"cy":154,"r":42.426},"region_attributes":{"Name":"healthy"}},{"shape_attributes":{"name":"circle","cx":161,"cy":69,"r":29.967},"region_attributes":{"Name":"healthy"}}],"file_attributes":{}},"16.JPG16438":{"filename":"16.JPG","size":16438,"regions":[{"shape_attributes":{"name":"circle","cx":51,"cy":121,"r":26},"region_attributes":{"Name":"disease"}},{"shape_attributes":{"name":"circle","cx":143,"cy":81,"r":18},"region_attributes":{"Name":"disease"}},{"shape_attributes":{"name":"polygon","all_points_x":[70,95,173,193,132],"all_points_y":[71,159,183,82,116]},"region_attributes":{"Name":"healthy"}}],"file_attributes":{}},"17.JPG19225":{"filename":"17.JPG","size":19225,"regions":[{"shape_attributes":{"name":"circle","cx":153,"cy":46,"r":26.42},"region_attributes":{"Name":"disease"}},{"shape_attributes":{"name":"circle","cx":83,"cy":34,"r":15.264},"region_attributes":{"Name":"disease"}},{"shape_attributes":{"name":"polygon","all_points_x":[24,67,130,215,236,221,199,125,67,39],"all_points_y":[115,52,77,67,87,135,166,190,161,145]},"region_attributes":{"Name":"healthy"}}],"file_attributes":{}},"18.JPG22054":{"filename":"18.JPG","size":22054,"regions":[{"shape_attributes":{"name":"circle","cx":130,"cy":57,"r":13},"region_attributes":{"Name":"disease"}},{"shape_attributes":{"name":"polygon","all_points_x":[36,51,109,121,172,219,208,217,191,109,55],"all_points_y":[129,44,30,95,59,105,153,181,211,199,177]},"region_attributes":{"Name":"healthy"}}],"file_attributes":{}},"19.JPG15299":{"filename":"19.JPG","size":15299,"regions":[{"shape_attributes":{"name":"rect","x":146,"y":88,"width":83,"height":29},"region_attributes":{"Name":"disease"}},{"shape_attributes":{"name":"polygon","all_points_x":[77,35,49,101,165,134,136,186,137],"all_points_y":[161,133,83,61,68,96,115,131,156]},"region_attributes":{"Name":"healthy"}}],"file_attributes":{}},"20.JPG18512":{"filename":"20.JPG","size":18512,"regions":[{"shape_attributes":{"name":"rect","x":152,"y":12,"width":90,"height":34},"region_attributes":{"Name":"disease"}},{"shape_attributes":{"name":"polygon","all_points_x":[34,133,149,221,194,140,90,45,16],"all_points_y":[52,8,55,54,133,163,164,150,117]},"region_attributes":{"Name":"healthy"}}],"file_attributes":{}}}