{"1.JPG24008":{"filename":"1.JPG","size":24008,"regions":[],"file_attributes":{}},"2.JPG20656":{"filename":"2.JPG","size":20656,"regions":[],"file_attributes":{}},"3.JPG20234":{"filename":"3.JPG","size":20234,"regions":[],"file_attributes":{}},"4.JPG18570":{"filename":"4.JPG","size":18570,"regions":[],"file_attributes":{}},"5.JPG19886":{"filename":"5.JPG","size":19886,"regions":[],"file_attributes":{}},"6.JPG20757":{"filename":"6.JPG","size":20757,"regions":[],"file_attributes":{}},"7.JPG21490":{"filename":"7.JPG","size":21490,"regions":[],"file_attributes":{}},"8.JPG20937":{"filename":"8.JPG","size":20937,"regions":[],"file_attributes":{}},"9.JPG15721":{"filename":"9.JPG","size":15721,"regions":[],"file_attributes":{}},"10.JPG16997":{"filename":"10.JPG","size":16997,"regions":[],"file_attributes":{}},"11.JPG19746":{"filename":"11.JPG","size":19746,"regions":[],"file_attributes":{}},"12.JPG19966":{"filename":"12.JPG","size":19966,"regions":[],"file_attributes":{}},"13.JPG14205":{"filename":"13.JPG","size":14205,"regions":[],"file_attributes":{}},"14.JPG18066":{"filename":"14.JPG","size":18066,"regions":[],"file_attributes":{}},"15.JPG18464":{"filename":"15.JPG","size":18464,"regions":[{"shape_attributes":{"name":"circle","cx":167,"cy":171,"r":7.211},"region_attributes":{"Name":"disease"}},{"shape_attributes":{"name":"circle","cx":67,"cy":112,"r":12.166},"region_attributes":{"Name":"disease"}},{"shape_attributes":{"name":"circle","cx":176,"cy":120,"r":5.385},"region_attributes":{"Name":"disease"}},{"shape_attributes":{"name":"polygon","all_points_x":[77,59,68,95,93,98,100,111,105,116,125,136,133,116,111,108,119,128,137,129,117,97],"all_points_y":[25,59,73,87,98,101,111,106,93,93,104,101,91,73,79,53,44,45,40,23,14,27]},"region_attributes":{"Name":"disease"}},{"shape_attributes":{"name":"circle","cx":110,"cy":154,"r":42.426},"region_attributes":{"Name":"healthy"}},{"shape_attributes":{"name":"circle","cx":161,"cy":69,"r":29.967},"region_attributes":{"Name":"healthy"}}],"file_attributes":{}},"16.JPG16438":{"filename":"16.JPG","size":16438,"regions":[],"file_attributes":{}},"17.JPG19225":{"filename":"17.JPG","size":19225,"regions":[],"file_attributes":{}},"18.JPG22054":{"filename":"18.JPG","size":22054,"regions":[],"file_attributes":{}},"19.JPG15299":{"filename":"19.JPG","size":15299,"regions":[],"file_attributes":{}},"20.JPG18512":{"filename":"20.JPG","size":18512,"regions":[],"file_attributes":{}}}