<annotation>
	<folder>my-project-name</folder>
	<filename>113.JPG</filename>
	<path>/my-project-name/113.JPG</path>
	<source>
		<database>Unspecified</database>
	</source>
	<size>
		<width>256</width>
		<height>256</height>
		<depth>3</depth>
	</size>
	<object>
		<name>Black Rot</name>
		<pose>Unspecified</pose>
		<truncated>Unspecified</truncated>
		<difficult>Unspecified</difficult>
		<bndbox>
			<xmin>142</xmin>
			<ymin>33</ymin>
			<xmax>182</xmax>
			<ymax>63</ymax>
		</bndbox>
	</object>
	<object>
		<name>Black Rot</name>
		<pose>Unspecified</pose>
		<truncated>Unspecified</truncated>
		<difficult>Unspecified</difficult>
		<bndbox>
			<xmin>111</xmin>
			<ymin>180</ymin>
			<xmax>132</xmax>
			<ymax>196</ymax>
		</bndbox>
	</object>
</annotation>