<annotation>
	<folder>my-project-name</folder>
	<filename>116.JPG</filename>
	<path>/my-project-name/116.JPG</path>
	<source>
		<database>Unspecified</database>
	</source>
	<size>
		<width>256</width>
		<height>256</height>
		<depth>3</depth>
	</size>
	<object>
		<name>Black Rot</name>
		<pose>Unspecified</pose>
		<truncated>Unspecified</truncated>
		<difficult>Unspecified</difficult>
		<bndbox>
			<xmin>87</xmin>
			<ymin>30</ymin>
			<xmax>139</xmax>
			<ymax>50</ymax>
		</bndbox>
	</object>
	<object>
		<name>Black Rot</name>
		<pose>Unspecified</pose>
		<truncated>Unspecified</truncated>
		<difficult>Unspecified</difficult>
		<bndbox>
			<xmin>172</xmin>
			<ymin>188</ymin>
			<xmax>190</xmax>
			<ymax>205</ymax>
		</bndbox>
	</object>
</annotation>