<annotation>
	<folder>my-project-name</folder>
	<filename>135.JPG</filename>
	<path>/my-project-name/135.JPG</path>
	<source>
		<database>Unspecified</database>
	</source>
	<size>
		<width>256</width>
		<height>256</height>
		<depth>3</depth>
	</size>
	<object>
		<name>Black Rot</name>
		<pose>Unspecified</pose>
		<truncated>Unspecified</truncated>
		<difficult>Unspecified</difficult>
		<bndbox>
			<xmin>179</xmin>
			<ymin>92</ymin>
			<xmax>196</xmax>
			<ymax>105</ymax>
		</bndbox>
	</object>
	<object>
		<name>Black Rot</name>
		<pose>Unspecified</pose>
		<truncated>Unspecified</truncated>
		<difficult>Unspecified</difficult>
		<bndbox>
			<xmin>158</xmin>
			<ymin>208</ymin>
			<xmax>165</xmax>
			<ymax>214</ymax>
		</bndbox>
	</object>
</annotation>