<annotation>
	<folder>my-project-name</folder>
	<filename>154.JPG</filename>
	<path>/my-project-name/154.JPG</path>
	<source>
		<database>Unspecified</database>
	</source>
	<size>
		<width>256</width>
		<height>256</height>
		<depth>3</depth>
	</size>
	<object>
		<name>Black Rot</name>
		<pose>Unspecified</pose>
		<truncated>Unspecified</truncated>
		<difficult>Unspecified</difficult>
		<bndbox>
			<xmin>144</xmin>
			<ymin>40</ymin>
			<xmax>151</xmax>
			<ymax>48</ymax>
		</bndbox>
	</object>
	<object>
		<name>Black Rot</name>
		<pose>Unspecified</pose>
		<truncated>Unspecified</truncated>
		<difficult>Unspecified</difficult>
		<bndbox>
			<xmin>163</xmin>
			<ymin>87</ymin>
			<xmax>171</xmax>
			<ymax>95</ymax>
		</bndbox>
	</object>
	<object>
		<name>Black Rot</name>
		<pose>Unspecified</pose>
		<truncated>Unspecified</truncated>
		<difficult>Unspecified</difficult>
		<bndbox>
			<xmin>142</xmin>
			<ymin>70</ymin>
			<xmax>149</xmax>
			<ymax>79</ymax>
		</bndbox>
	</object>
</annotation>