<annotation>
	<folder>my-project-name</folder>
	<filename>16.JPG</filename>
	<path>/my-project-name/16.JPG</path>
	<source>
		<database>Unspecified</database>
	</source>
	<size>
		<width>256</width>
		<height>256</height>
		<depth>3</depth>
	</size>
	<object>
		<name>Black Rot</name>
		<pose>Unspecified</pose>
		<truncated>Unspecified</truncated>
		<difficult>Unspecified</difficult>
		<bndbox>
			<xmin>132</xmin>
			<ymin>67</ymin>
			<xmax>154</xmax>
			<ymax>90</ymax>
		</bndbox>
	</object>
	<object>
		<name>Black Rot</name>
		<pose>Unspecified</pose>
		<truncated>Unspecified</truncated>
		<difficult>Unspecified</difficult>
		<bndbox>
			<xmin>35</xmin>
			<ymin>105</ymin>
			<xmax>61</xmax>
			<ymax>130</ymax>
		</bndbox>
	</object>
</annotation>