<annotation>
	<folder>my-project-name</folder>
	<filename>172.JPG</filename>
	<path>/my-project-name/172.JPG</path>
	<source>
		<database>Unspecified</database>
	</source>
	<size>
		<width>256</width>
		<height>256</height>
		<depth>3</depth>
	</size>
	<object>
		<name>Black Rot</name>
		<pose>Unspecified</pose>
		<truncated>Unspecified</truncated>
		<difficult>Unspecified</difficult>
		<bndbox>
			<xmin>70</xmin>
			<ymin>28</ymin>
			<xmax>83</xmax>
			<ymax>37</ymax>
		</bndbox>
	</object>
</annotation>