<annotation>
	<folder>my-project-name</folder>
	<filename>175.JPG</filename>
	<path>/my-project-name/175.JPG</path>
	<source>
		<database>Unspecified</database>
	</source>
	<size>
		<width>256</width>
		<height>256</height>
		<depth>3</depth>
	</size>
	<object>
		<name>Black Rot</name>
		<pose>Unspecified</pose>
		<truncated>Unspecified</truncated>
		<difficult>Unspecified</difficult>
		<bndbox>
			<xmin>170</xmin>
			<ymin>34</ymin>
			<xmax>182</xmax>
			<ymax>43</ymax>
		</bndbox>
	</object>
</annotation>