<annotation>
	<folder>my-project-name</folder>
	<filename>18.JPG</filename>
	<path>/my-project-name/18.JPG</path>
	<source>
		<database>Unspecified</database>
	</source>
	<size>
		<width>256</width>
		<height>256</height>
		<depth>3</depth>
	</size>
	<object>
		<name>Black Rot</name>
		<pose>Unspecified</pose>
		<truncated>Unspecified</truncated>
		<difficult>Unspecified</difficult>
		<bndbox>
			<xmin>124</xmin>
			<ymin>45</ymin>
			<xmax>138</xmax>
			<ymax>60</ymax>
		</bndbox>
	</object>
	<object>
		<name>Black Rot</name>
		<pose>Unspecified</pose>
		<truncated>Unspecified</truncated>
		<difficult>Unspecified</difficult>
		<bndbox>
			<xmin>213</xmin>
			<ymin>140</ymin>
			<xmax>222</xmax>
			<ymax>151</ymax>
		</bndbox>
	</object>
</annotation>