<annotation>
	<folder>my-project-name</folder>
	<filename>181.JPG</filename>
	<path>/my-project-name/181.JPG</path>
	<source>
		<database>Unspecified</database>
	</source>
	<size>
		<width>256</width>
		<height>256</height>
		<depth>3</depth>
	</size>
	<object>
		<name>Black Rot</name>
		<pose>Unspecified</pose>
		<truncated>Unspecified</truncated>
		<difficult>Unspecified</difficult>
		<bndbox>
			<xmin>34</xmin>
			<ymin>71</ymin>
			<xmax>61</xmax>
			<ymax>105</ymax>
		</bndbox>
	</object>
	<object>
		<name>Black Rot</name>
		<pose>Unspecified</pose>
		<truncated>Unspecified</truncated>
		<difficult>Unspecified</difficult>
		<bndbox>
			<xmin>60</xmin>
			<ymin>152</ymin>
			<xmax>73</xmax>
			<ymax>161</ymax>
		</bndbox>
	</object>
</annotation>