<annotation>
	<folder>my-project-name</folder>
	<filename>201.JPG</filename>
	<path>/my-project-name/201.JPG</path>
	<source>
		<database>Unspecified</database>
	</source>
	<size>
		<width>256</width>
		<height>256</height>
		<depth>3</depth>
	</size>
	<object>
		<name>Black Rot</name>
		<pose>Unspecified</pose>
		<truncated>Unspecified</truncated>
		<difficult>Unspecified</difficult>
		<bndbox>
			<xmin>72</xmin>
			<ymin>120</ymin>
			<xmax>93</xmax>
			<ymax>136</ymax>
		</bndbox>
	</object>
</annotation>