<annotation>
	<folder>my-project-name</folder>
	<filename>221.JPG</filename>
	<path>/my-project-name/221.JPG</path>
	<source>
		<database>Unspecified</database>
	</source>
	<size>
		<width>256</width>
		<height>256</height>
		<depth>3</depth>
	</size>
	<object>
		<name>Black Rot</name>
		<pose>Unspecified</pose>
		<truncated>Unspecified</truncated>
		<difficult>Unspecified</difficult>
		<bndbox>
			<xmin>89</xmin>
			<ymin>25</ymin>
			<xmax>166</xmax>
			<ymax>79</ymax>
		</bndbox>
	</object>
	<object>
		<name>Black Rot</name>
		<pose>Unspecified</pose>
		<truncated>Unspecified</truncated>
		<difficult>Unspecified</difficult>
		<bndbox>
			<xmin>34</xmin>
			<ymin>61</ymin>
			<xmax>48</xmax>
			<ymax>72</ymax>
		</bndbox>
	</object>
	<object>
		<name>Black Rot</name>
		<pose>Unspecified</pose>
		<truncated>Unspecified</truncated>
		<difficult>Unspecified</difficult>
		<bndbox>
			<xmin>138</xmin>
			<ymin>101</ymin>
			<xmax>152</xmax>
			<ymax>112</ymax>
		</bndbox>
	</object>
	<object>
		<name>Black Rot</name>
		<pose>Unspecified</pose>
		<truncated>Unspecified</truncated>
		<difficult>Unspecified</difficult>
		<bndbox>
			<xmin>177</xmin>
			<ymin>130</ymin>
			<xmax>190</xmax>
			<ymax>138</ymax>
		</bndbox>
	</object>
</annotation>