<annotation>
	<folder>my-project-name</folder>
	<filename>29.JPG</filename>
	<path>/my-project-name/29.JPG</path>
	<source>
		<database>Unspecified</database>
	</source>
	<size>
		<width>256</width>
		<height>256</height>
		<depth>3</depth>
	</size>
	<object>
		<name>Black Rot</name>
		<pose>Unspecified</pose>
		<truncated>Unspecified</truncated>
		<difficult>Unspecified</difficult>
		<bndbox>
			<xmin>56</xmin>
			<ymin>64</ymin>
			<xmax>71</xmax>
			<ymax>77</ymax>
		</bndbox>
	</object>
	<object>
		<name>Black Rot</name>
		<pose>Unspecified</pose>
		<truncated>Unspecified</truncated>
		<difficult>Unspecified</difficult>
		<bndbox>
			<xmin>48</xmin>
			<ymin>82</ymin>
			<xmax>69</xmax>
			<ymax>94</ymax>
		</bndbox>
	</object>
	<object>
		<name>Black Rot</name>
		<pose>Unspecified</pose>
		<truncated>Unspecified</truncated>
		<difficult>Unspecified</difficult>
		<bndbox>
			<xmin>143</xmin>
			<ymin>56</ymin>
			<xmax>156</xmax>
			<ymax>68</ymax>
		</bndbox>
	</object>
	<object>
		<name>Black Rot</name>
		<pose>Unspecified</pose>
		<truncated>Unspecified</truncated>
		<difficult>Unspecified</difficult>
		<bndbox>
			<xmin>201</xmin>
			<ymin>132</ymin>
			<xmax>209</xmax>
			<ymax>141</ymax>
		</bndbox>
	</object>
</annotation>