<annotation>
	<folder>my-project-name</folder>
	<filename>38.JPG</filename>
	<path>/my-project-name/38.JPG</path>
	<source>
		<database>Unspecified</database>
	</source>
	<size>
		<width>256</width>
		<height>256</height>
		<depth>3</depth>
	</size>
	<object>
		<name>Black Rot</name>
		<pose>Unspecified</pose>
		<truncated>Unspecified</truncated>
		<difficult>Unspecified</difficult>
		<bndbox>
			<xmin>48</xmin>
			<ymin>44</ymin>
			<xmax>101</xmax>
			<ymax>69</ymax>
		</bndbox>
	</object>
	<object>
		<name>Black Rot</name>
		<pose>Unspecified</pose>
		<truncated>Unspecified</truncated>
		<difficult>Unspecified</difficult>
		<bndbox>
			<xmin>69</xmin>
			<ymin>21</ymin>
			<xmax>104</xmax>
			<ymax>42</ymax>
		</bndbox>
	</object>
</annotation>