<annotation>
	<folder>my-project-name</folder>
	<filename>551.JPG</filename>
	<path>/my-project-name/551.JPG</path>
	<source>
		<database>Unspecified</database>
	</source>
	<size>
		<width>256</width>
		<height>256</height>
		<depth>3</depth>
	</size>
	<object>
		<name>Apple Scab</name>
		<pose>Unspecified</pose>
		<truncated>Unspecified</truncated>
		<difficult>Unspecified</difficult>
		<bndbox>
			<xmin>43</xmin>
			<ymin>107</ymin>
			<xmax>86</xmax>
			<ymax>131</ymax>
		</bndbox>
	</object>
	<object>
		<name>Apple Scab</name>
		<pose>Unspecified</pose>
		<truncated>Unspecified</truncated>
		<difficult>Unspecified</difficult>
		<bndbox>
			<xmin>117</xmin>
			<ymin>88</ymin>
			<xmax>129</xmax>
			<ymax>101</ymax>
		</bndbox>
	</object>
</annotation>