<annotation>
	<folder>my-project-name</folder>
	<filename>586.JPG</filename>
	<path>/my-project-name/586.JPG</path>
	<source>
		<database>Unspecified</database>
	</source>
	<size>
		<width>256</width>
		<height>256</height>
		<depth>3</depth>
	</size>
	<object>
		<name>Apple Scab</name>
		<pose>Unspecified</pose>
		<truncated>Unspecified</truncated>
		<difficult>Unspecified</difficult>
		<bndbox>
			<xmin>180</xmin>
			<ymin>102</ymin>
			<xmax>211</xmax>
			<ymax>123</ymax>
		</bndbox>
	</object>
	<object>
		<name>Apple Scab</name>
		<pose>Unspecified</pose>
		<truncated>Unspecified</truncated>
		<difficult>Unspecified</difficult>
		<bndbox>
			<xmin>30</xmin>
			<ymin>184</ymin>
			<xmax>49</xmax>
			<ymax>201</ymax>
		</bndbox>
	</object>
	<object>
		<name>Apple Scab</name>
		<pose>Unspecified</pose>
		<truncated>Unspecified</truncated>
		<difficult>Unspecified</difficult>
		<bndbox>
			<xmin>17</xmin>
			<ymin>113</ymin>
			<xmax>26</xmax>
			<ymax>125</ymax>
		</bndbox>
	</object>
</annotation>