<annotation>
	<folder>my-project-name</folder>
	<filename>594.JPG</filename>
	<path>/my-project-name/594.JPG</path>
	<source>
		<database>Unspecified</database>
	</source>
	<size>
		<width>256</width>
		<height>256</height>
		<depth>3</depth>
	</size>
	<object>
		<name>Apple Scab</name>
		<pose>Unspecified</pose>
		<truncated>Unspecified</truncated>
		<difficult>Unspecified</difficult>
		<bndbox>
			<xmin>122</xmin>
			<ymin>89</ymin>
			<xmax>190</xmax>
			<ymax>169</ymax>
		</bndbox>
	</object>
</annotation>