[{"image":"apple-166-_jpg.rf.feb663e7f958467a34978e708c57707f.jpg","annotations":[{"label":"apple","coordinates":{"x":315,"y":359.5,"width":426.5,"height":421}}]},{"image":"istockphoto-623754192-612x612_jpg.rf.fff6434670a240a9d311858198ccfcc9.jpg","annotations":[{"label":"apple","coordinates":{"x":408,"y":163,"width":355.5,"height":249}},{"label":"apple","coordinates":{"x":251,"y":372,"width":345,"height":225}}]},{"image":"istockphoto-921029236-612x612_jpg.rf.fee40806558cbee4d5d3024a7e3332ba.jpg","annotations":[{"label":"apple","coordinates":{"x":117.5,"y":313.5,"width":183.5,"height":274.5}},{"label":"apple","coordinates":{"x":315,"y":315,"width":181.5,"height":278.5}},{"label":"apple","coordinates":{"x":503,"y":314,"width":181.5,"height":269.5}}]},{"image":"istockphoto-451926373-612x612_jpg.rf.ff7c5319bcc950fbaf2573abc5f67530.jpg","annotations":[{"label":"apple","coordinates":{"x":175,"y":218.5,"width":154.5,"height":204}},{"label":"apple","coordinates":{"x":152,"y":466,"width":155.5,"height":214.5}},{"label":"apple","coordinates":{"x":294,"y":350.5,"width":165,"height":258}},{"label":"apple","coordinates":{"x":376,"y":226.5,"width":138.5,"height":223}},{"label":"apple","coordinates":{"x":509,"y":148,"width":135,"height":202}}]},{"image":"apple-171-_jpg.rf.ff6de8af1899420e8f58959343085633.jpg","annotations":[{"label":"apple","coordinates":{"x":336,"y":323,"width":475.5,"height":523}}]},{"image":"apple-206-_jpg.rf.113feb362135b04e370a6325f6dd613d.jpg","annotations":[{"label":"apple","coordinates":{"x":252,"y":79,"width":110.5,"height":144}},{"label":"apple","coordinates":{"x":57,"y":174.5,"width":114,"height":149}},{"label":"apple","coordinates":{"x":159,"y":239.5,"width":96.5,"height":135}},{"label":"apple","coordinates":{"x":76.5,"y":346.5,"width":110.5,"height":177}},{"label":"apple","coordinates":{"x":170,"y":425.5,"width":137,"height":156}},{"label":"apple","coordinates":{"x":409,"y":481.5,"width":126.5,"height":177}},{"label":"apple","coordinates":{"x":446.5,"y":233.5,"width":114,"height":186}},{"label":"apple","coordinates":{"x":338.5,"y":235,"width":102,"height":200}},{"label":"apple","coordinates":{"x":256,"y":262.5,"width":70,"height":180.5}},{"label":"apple","coordinates":{"x":370,"y":70,"width":106.5,"height":140}},{"label":"apple","coordinates":{"x":567.5,"y":244.5,"width":100,"height":156}},{"label":"apple","coordinates":{"x":561.5,"y":407,"width":126.5,"height":144}},{"label":"apple","coordinates":{"x":227,"y":580.5,"width":117.5,"height":119}},{"label":"apple","coordinates":{"x":272,"y":442,"width":98,"height":158}},{"label":"apple","coordinates":{"x":104.5,"y":583.5,"width":107,"height":100}}]},{"image":"istockphoto-667825464-612x612_jpg.rf.0ee91b4d7ff65cdac61091783d2425fe.jpg","annotations":[{"label":"apple","coordinates":{"x":205,"y":270,"width":136,"height":219.5}},{"label":"apple","coordinates":{"x":455,"y":225,"width":119.5,"height":157}},{"label":"apple","coordinates":{"x":380,"y":398.5,"width":128,"height":179.5}},{"label":"apple","coordinates":{"x":189.5,"y":460,"width":93,"height":146.5}}]},{"image":"pexels-photo-4110500_jpeg.rf.07de8987357525e36a90fc812c6443d9.jpg","annotations":[{"label":"apple","coordinates":{"x":278.5,"y":443.5,"width":312,"height":190}},{"label":"apple","coordinates":{"x":302.5,"y":172.5,"width":258.5,"height":153}},{"label":"apple","coordinates":{"x":402.5,"y":59.5,"width":256,"height":119}}]},{"image":"apple-207-_jpg.rf.0d631c39a5cd8b22c860a7fb2e4ab8f8.jpg","annotations":[{"label":"apple","coordinates":{"x":319.5,"y":323.5,"width":544,"height":570}}]},{"image":"apple-52-_jpg.rf.06ab486594cdc9f3ba6991d2bcbe3047.jpg","annotations":[{"label":"apple","coordinates":{"x":380.5,"y":344,"width":214,"height":294.5}}]},{"image":"apple-202-_jpg.rf.08854c32e3936046d73b892649e0de61.jpg","annotations":[{"label":"apple","coordinates":{"x":333.5,"y":311.5,"width":544,"height":538.5}}]},{"image":"istockphoto-530586539-612x612_jpg.rf.137d0dbc6d6af742b2877f499ba854f4.jpg","annotations":[{"label":"apple","coordinates":{"x":361,"y":205,"width":191.5,"height":270}},{"label":"apple","coordinates":{"x":424.5,"y":484.5,"width":187,"height":254.5}}]},{"image":"istockphoto-1455279830-612x612_jpg.rf.0f24ecbcd3aefcc5ce3042209c962ac7.jpg","annotations":[{"label":"apple","coordinates":{"x":320.5,"y":282.5,"width":274,"height":188}},{"label":"apple","coordinates":{"x":526.5,"y":448,"width":123,"height":111.5}},{"label":"apple","coordinates":{"x":388,"y":544.5,"width":139.5,"height":120.5}}]},{"image":"istockphoto-1426227398-612x612_jpg.rf.1a010d6caad966ca0c2bfa06edfb987d.jpg","annotations":[{"label":"apple","coordinates":{"x":291,"y":152.5,"width":36,"height":58}},{"label":"apple","coordinates":{"x":258.5,"y":150.5,"width":31.5,"height":45.5}},{"label":"apple","coordinates":{"x":379.5,"y":123,"width":38.5,"height":47}},{"label":"apple","coordinates":{"x":389.5,"y":329,"width":36,"height":56.5}},{"label":"apple","coordinates":{"x":250,"y":514.5,"width":37.5,"height":51}},{"label":"apple","coordinates":{"x":161,"y":259.5,"width":28.5,"height":37.5}},{"label":"apple","coordinates":{"x":157,"y":148,"width":38.5,"height":45.5}},{"label":"apple","coordinates":{"x":245.5,"y":80.5,"width":28.5,"height":43}},{"label":"apple","coordinates":{"x":341,"y":312.5,"width":36.5,"height":60.5}},{"label":"apple","coordinates":{"x":435.5,"y":109.5,"width":27,"height":36.5}},{"label":"apple","coordinates":{"x":621.5,"y":96,"width":25,"height":23}},{"label":"apple","coordinates":{"x":484,"y":117,"width":22.5,"height":35}},{"label":"apple","coordinates":{"x":311.5,"y":455.5,"width":26,"height":43}},{"label":"apple","coordinates":{"x":282,"y":412,"width":19.5,"height":36.5}},{"label":"apple","coordinates":{"x":400,"y":388.5,"width":19,"height":19}},{"label":"apple","coordinates":{"x":424.5,"y":380.5,"width":16,"height":21.5}}]},{"image":"apple-42-_jpg.rf.0b7eb58d9796cb951783797ca3c7464e.jpg","annotations":[{"label":"apple","coordinates":{"x":329,"y":289.5,"width":184,"height":319.5}}]},{"image":"istockphoto-90627596-612x612_jpg.rf.139dc94d1792980002894303504a969c.jpg","annotations":[{"label":"apple","coordinates":{"x":347.5,"y":316.5,"width":64.5,"height":55.5}},{"label":"apple","coordinates":{"x":425,"y":304.5,"width":70,"height":59}},{"label":"apple","coordinates":{"x":377,"y":215.5,"width":66.5,"height":51}},{"label":"apple","coordinates":{"x":457,"y":176.5,"width":80,"height":45.5}},{"label":"apple","coordinates":{"x":449.5,"y":225.5,"width":61.5,"height":36}},{"label":"apple","coordinates":{"x":503,"y":281.5,"width":73,"height":48.5}},{"label":"apple","coordinates":{"x":516,"y":349.5,"width":64.5,"height":55.5}},{"label":"apple","coordinates":{"x":459,"y":353,"width":42.5,"height":52}},{"label":"apple","coordinates":{"x":418,"y":438,"width":63,"height":47.5}},{"label":"apple","coordinates":{"x":454.5,"y":535.5,"width":64.5,"height":47.5}},{"label":"apple","coordinates":{"x":468,"y":578.5,"width":85,"height":47.5}},{"label":"apple","coordinates":{"x":524.5,"y":560,"width":51,"height":48.5}},{"label":"apple","coordinates":{"x":270.5,"y":582.5,"width":51,"height":39.5}},{"label":"apple","coordinates":{"x":217,"y":579.5,"width":49.5,"height":41}},{"label":"apple","coordinates":{"x":163.5,"y":578.5,"width":47.5,"height":31.5}},{"label":"apple","coordinates":{"x":96,"y":624.5,"width":42.5,"height":31}},{"label":"apple","coordinates":{"x":121.5,"y":346,"width":59.5,"height":48.5}},{"label":"apple","coordinates":{"x":181.5,"y":348,"width":39,"height":42}},{"label":"apple","coordinates":{"x":195,"y":155.5,"width":63,"height":53}},{"label":"apple","coordinates":{"x":25.5,"y":213.5,"width":51,"height":44}},{"label":"apple","coordinates":{"x":12,"y":140.5,"width":24,"height":31.5}},{"label":"apple","coordinates":{"x":78.5,"y":201.5,"width":41,"height":27}},{"label":"apple","coordinates":{"x":553.5,"y":222.5,"width":20.5,"height":21.5}},{"label":"apple","coordinates":{"x":578,"y":118.5,"width":46,"height":33}},{"label":"apple","coordinates":{"x":596.5,"y":212.5,"width":29,"height":26}}]},{"image":"istockphoto-854559058-612x612_jpg.rf.177143d4c8d2d797ee92a17f67d759dd.jpg","annotations":[{"label":"apple","coordinates":{"x":389,"y":301.5,"width":339.5,"height":519}}]},{"image":"istockphoto-1188765608-612x612_jpg.rf.0d40774debe88bf0427c9ee122b42ad9.jpg","annotations":[{"label":"apple","coordinates":{"x":144,"y":97.5,"width":132.5,"height":191.5}},{"label":"apple","coordinates":{"x":242.5,"y":253.5,"width":166,"height":214.5}},{"label":"apple","coordinates":{"x":93,"y":297,"width":107,"height":204}},{"label":"apple","coordinates":{"x":591,"y":368.5,"width":75.5,"height":130.5}}]},{"image":"apple-133-_jpg.rf.13c48d090e7dfe3a7d02fce4e97b2d7e.jpg","annotations":[{"label":"apple","coordinates":{"x":98,"y":462.5,"width":130,"height":219.5}},{"label":"apple","coordinates":{"x":434,"y":397.5,"width":180.5,"height":226.5}},{"label":"apple","coordinates":{"x":559,"y":128,"width":107,"height":168.5}}]},{"image":"istockphoto-1061732642-612x612_jpg.rf.14d1d1d23b994ba5009979173f94cbca.jpg","annotations":[{"label":"apple","coordinates":{"x":117,"y":458.5,"width":147.5,"height":293}},{"label":"apple","coordinates":{"x":261,"y":232,"width":159,"height":230}},{"label":"apple","coordinates":{"x":441.5,"y":245,"width":174.5,"height":200.5}},{"label":"apple","coordinates":{"x":544,"y":395,"width":123,"height":221.5}},{"label":"apple","coordinates":{"x":288.5,"y":462,"width":185,"height":223}},{"label":"apple","coordinates":{"x":473,"y":478.5,"width":142,"height":235.5}}]},{"image":"istockphoto-480247149-612x612_jpg.rf.115bb163cca892ad63e8fa766cfd5ee6.jpg","annotations":[{"label":"apple","coordinates":{"x":354.5,"y":373,"width":162.5,"height":247.5}},{"label":"apple","coordinates":{"x":585,"y":225,"width":110,"height":254.5}},{"label":"apple","coordinates":{"x":227,"y":330.5,"width":112.5,"height":204}},{"label":"apple","coordinates":{"x":44.5,"y":323,"width":89,"height":236}},{"label":"apple","coordinates":{"x":312.5,"y":74,"width":118.5,"height":148}}]},{"image":"damaged_apple-212-_jpg.rf.1928361cde9a80cd12ea0b068a2af355.jpg","annotations":[{"label":"apple","coordinates":{"x":416.5,"y":272,"width":268.5,"height":347.5}}]},{"image":"apple-268-_jpg.rf.127709ba4478c4f520152d04efa21c79.jpg","annotations":[{"label":"apple","coordinates":{"x":323.5,"y":323,"width":366.5,"height":540.5}}]},{"image":"istockphoto-1002940226-612x612_jpg.rf.000b8509e1611b05d1fc29e356bb7a3b.jpg","annotations":[{"label":"apple","coordinates":{"x":294,"y":273.5,"width":188,"height":265}},{"label":"apple","coordinates":{"x":484,"y":471.5,"width":150,"height":225}}]},{"image":"istockphoto-172232509-612x612_jpg.rf.17f6840de07c6196cb6a2bcb7aa43159.jpg","annotations":[{"label":"apple","coordinates":{"x":12,"y":160.5,"width":21.5,"height":45}},{"label":"apple","coordinates":{"x":108,"y":206,"width":15,"height":27.5}},{"label":"apple","coordinates":{"x":119.5,"y":216,"width":15,"height":20}},{"label":"apple","coordinates":{"x":121.5,"y":51,"width":17.5,"height":32.5}},{"label":"apple","coordinates":{"x":145,"y":279.5,"width":12,"height":22}},{"label":"apple","coordinates":{"x":92.5,"y":284.5,"width":14.5,"height":32.5}},{"label":"apple","coordinates":{"x":42.5,"y":499.5,"width":17.5,"height":40}},{"label":"apple","coordinates":{"x":98,"y":512.5,"width":18,"height":40}},{"label":"apple","coordinates":{"x":123.5,"y":455,"width":12.5,"height":16}},{"label":"apple","coordinates":{"x":96.5,"y":330.5,"width":17,"height":27.5}},{"label":"apple","coordinates":{"x":46,"y":338.5,"width":14,"height":27.5}},{"label":"apple","coordinates":{"x":37.5,"y":248.5,"width":15.5,"height":25}},{"label":"apple","coordinates":{"x":21,"y":60,"width":22,"height":38}},{"label":"apple","coordinates":{"x":165,"y":355,"width":12,"height":18}},{"label":"apple","coordinates":{"x":156.5,"y":294.5,"width":9.5,"height":12.5}},{"label":"apple","coordinates":{"x":175,"y":343,"width":12,"height":10.5}},{"label":"apple","coordinates":{"x":91,"y":378.5,"width":12.5,"height":29.5}},{"label":"apple","coordinates":{"x":566,"y":518.5,"width":37,"height":60}},{"label":"apple","coordinates":{"x":593.5,"y":109.5,"width":22,"height":39.5}},{"label":"apple","coordinates":{"x":563,"y":188,"width":15,"height":24.5}},{"label":"apple","coordinates":{"x":591,"y":252,"width":17,"height":35.5}},{"label":"apple","coordinates":{"x":539,"y":236,"width":23,"height":33.5}},{"label":"apple","coordinates":{"x":437.5,"y":139.5,"width":19,"height":18}},{"label":"apple","coordinates":{"x":467,"y":142,"width":13,"height":31.5}},{"label":"apple","coordinates":{"x":484,"y":238.5,"width":18,"height":31.5}},{"label":"apple","coordinates":{"x":494.5,"y":313,"width":18,"height":22.5}},{"label":"apple","coordinates":{"x":538.5,"y":230.5,"width":17,"height":25}}]},{"image":"istockphoto-873543196-612x612_jpg.rf.05e11761370c984d3e80e9c446f894c7.jpg","annotations":[{"label":"apple","coordinates":{"x":334.5,"y":197,"width":148.5,"height":219.5}},{"label":"apple","coordinates":{"x":415,"y":395,"width":144,"height":183}},{"label":"apple","coordinates":{"x":205.5,"y":504.5,"width":146.5,"height":221.5}}]},{"image":"istockphoto-509343830-612x612_jpg.rf.0012f15472acf4ad741424897ce5af3a.jpg","annotations":[{"label":"apple","coordinates":{"x":268.5,"y":300,"width":162.5,"height":265}},{"label":"apple","coordinates":{"x":136,"y":306,"width":116,"height":235.5}}]},{"image":"istockphoto-1291885755-612x612_jpg.rf.12a4c0e20aaa9ea96fa21776326b42e5.jpg","annotations":[{"label":"apple","coordinates":{"x":354,"y":252,"width":295.5,"height":211}}]},{"image":"istockphoto-91645742-612x612_jpg.rf.03c9ff2072230012efcfbf6a648bc3f2.jpg","annotations":[{"label":"apple","coordinates":{"x":182.5,"y":388.5,"width":109,"height":166}},{"label":"apple","coordinates":{"x":81,"y":113.5,"width":101,"height":157}},{"label":"apple","coordinates":{"x":420,"y":353,"width":101,"height":143.5}},{"label":"apple","coordinates":{"x":407.5,"y":485,"width":85,"height":85.5}},{"label":"apple","coordinates":{"x":344.5,"y":442,"width":82.5,"height":94.5}},{"label":"apple","coordinates":{"x":337,"y":228,"width":114,"height":180}},{"label":"apple","coordinates":{"x":596,"y":391.5,"width":88,"height":112}},{"label":"apple","coordinates":{"x":603.5,"y":499.5,"width":73,"height":115.5}},{"label":"apple","coordinates":{"x":513.5,"y":286.5,"width":60.5,"height":80.5}},{"label":"apple","coordinates":{"x":185,"y":257.5,"width":102.5,"height":99.5}},{"label":"apple","coordinates":{"x":155,"y":178,"width":99,"height":101.5}}]},{"image":"istockphoto-182870879-612x612_jpg.rf.2633a1cf327707a788c424f3da735c47.jpg","annotations":[{"label":"apple","coordinates":{"x":535,"y":540.5,"width":82.5,"height":121}},{"label":"apple","coordinates":{"x":429.5,"y":470.5,"width":73,"height":114}},{"label":"apple","coordinates":{"x":402,"y":532.5,"width":79,"height":119}},{"label":"apple","coordinates":{"x":273.5,"y":108.5,"width":75.5,"height":91}},{"label":"apple","coordinates":{"x":153.5,"y":103.5,"width":74.5,"height":91}},{"label":"apple","coordinates":{"x":121,"y":177,"width":67.5,"height":94.5}},{"label":"apple","coordinates":{"x":171.5,"y":208.5,"width":68.5,"height":105}},{"label":"apple","coordinates":{"x":223.5,"y":150,"width":78,"height":93}},{"label":"apple","coordinates":{"x":331,"y":191,"width":72,"height":101.5}},{"label":"apple","coordinates":{"x":248.5,"y":227.5,"width":76.5,"height":94.5}},{"label":"apple","coordinates":{"x":341,"y":125,"width":59.5,"height":51}}]},{"image":"istockphoto-615287906-612x612_jpg.rf.2440212753af9035597a7b999d29dd1d.jpg","annotations":[{"label":"apple","coordinates":{"x":362,"y":363.5,"width":279.5,"height":172.5}},{"label":"apple","coordinates":{"x":151.5,"y":422.5,"width":287.5,"height":172.5}},{"label":"apple","coordinates":{"x":77,"y":612.5,"width":154,"height":55}}]},{"image":"istockphoto-614871876-612x612_jpg.rf.236721f464661f2b8b2195082cb4dfbe.jpg","annotations":[{"label":"apple","coordinates":{"x":129,"y":346,"width":116,"height":186.5}},{"label":"apple","coordinates":{"x":411.5,"y":83,"width":116,"height":148}},{"label":"apple","coordinates":{"x":487,"y":171,"width":109,"height":164}},{"label":"apple","coordinates":{"x":386,"y":226.5,"width":100,"height":118.5}},{"label":"apple","coordinates":{"x":318.5,"y":154,"width":79,"height":130.5}},{"label":"apple","coordinates":{"x":278.5,"y":371,"width":117.5,"height":178}}]},{"image":"apple-127-_jpg.rf.010f626a756cd2e464016c69c321ebc3.jpg","annotations":[{"label":"apple","coordinates":{"x":270,"y":362.5,"width":382.5,"height":514}}]},{"image":"apple-25-_jpg.rf.2d62e6ad573e5739d6dca74876b89702.jpg","annotations":[{"label":"apple","coordinates":{"x":272,"y":331.5,"width":319.5,"height":393}}]},{"image":"istockphoto-182175032-612x612_jpg.rf.237b82cb062f148e2ae092acb3f2c162.jpg","annotations":[{"label":"apple","coordinates":{"x":197.5,"y":403.5,"width":216,"height":347}},{"label":"apple","coordinates":{"x":381,"y":476,"width":190.5,"height":289.5}}]},{"image":"apple-4-_jpg.rf.2069ecba9ed8a3e3b28d8c2488b89a6d.jpg","annotations":[{"label":"apple","coordinates":{"x":309.5,"y":344.5,"width":391,"height":430}}]},{"image":"istockphoto-185071733-612x612_jpg.rf.26025b534ae02fe8c7a216c6b063b71a.jpg","annotations":[{"label":"apple","coordinates":{"x":307.5,"y":315.5,"width":416.5,"height":498.5}}]},{"image":"istockphoto-615288190-612x612_jpg.rf.2ec064731b34e9420db84c80d26f74a0.jpg","annotations":[{"label":"apple","coordinates":{"x":333.5,"y":355.5,"width":327,"height":209}}]},{"image":"istockphoto-536049297-612x612_jpg.rf.1b8d262a125bfa0718d086ae2c662764.jpg","annotations":[{"label":"apple","coordinates":{"x":170.5,"y":416.5,"width":324,"height":446.5}}]},{"image":"istockphoto-531772936-612x612_jpg.rf.1d558bd445d769bb01e0051a05ccd34f.jpg","annotations":[{"label":"apple","coordinates":{"x":175,"y":378.5,"width":252,"height":438}},{"label":"apple","coordinates":{"x":413,"y":393,"width":222,"height":341.5}},{"label":"apple","coordinates":{"x":361,"y":191,"width":231,"height":147}}]},{"image":"istockphoto-1151155391-612x612_jpg.rf.2fa7b4d577a0832be42613870f15f97a.jpg","annotations":[{"label":"apple","coordinates":{"x":109.5,"y":317.5,"width":161,"height":363.5}},{"label":"apple","coordinates":{"x":301,"y":348,"width":182,"height":375.5}},{"label":"apple","coordinates":{"x":494.5,"y":342.5,"width":171.5,"height":379}}]},{"image":"istockphoto-1176138080-612x612_jpg.rf.304cadf2d59647bbdb91af0373fe3389.jpg","annotations":[{"label":"apple","coordinates":{"x":177,"y":322.5,"width":217.5,"height":286}},{"label":"apple","coordinates":{"x":481.5,"y":312,"width":157,"height":188}}]},{"image":"apple-138-_jpg.rf.2c22bba33ae9ad06c0f1194056e39913.jpg","annotations":[{"label":"apple","coordinates":{"x":302.5,"y":271,"width":387.5,"height":433.5}}]},{"image":"istockphoto-1257332849-612x612_jpg.rf.32cad5aee8d4a051b1495448f6c8532b.jpg","annotations":[{"label":"apple","coordinates":{"x":232.5,"y":306,"width":191,"height":261}},{"label":"apple","coordinates":{"x":527,"y":547,"width":146.5,"height":148}}]},{"image":"istockphoto-658414030-612x612_jpg.rf.2e1b8caa81c6915bb14b6175476d9849.jpg","annotations":[{"label":"apple","coordinates":{"x":245,"y":224.5,"width":65,"height":92}},{"label":"apple","coordinates":{"x":76.5,"y":444,"width":21,"height":38}},{"label":"apple","coordinates":{"x":15,"y":461.5,"width":28,"height":31}},{"label":"apple","coordinates":{"x":156.5,"y":370.5,"width":17.5,"height":29.5}},{"label":"apple","coordinates":{"x":73.5,"y":20.5,"width":64,"height":40.5}},{"label":"apple","coordinates":{"x":71.5,"y":331.5,"width":20,"height":41.5}},{"label":"apple","coordinates":{"x":101.5,"y":313,"width":20,"height":26}},{"label":"apple","coordinates":{"x":97,"y":375.5,"width":13,"height":29.5}},{"label":"apple","coordinates":{"x":248,"y":225.5,"width":78,"height":90}}]},{"image":"istockphoto-1188031510-612x612_jpg.rf.22ae9d914c07d3b81ecd866cdf0f7295.jpg","annotations":[{"label":"apple","coordinates":{"x":307,"y":331,"width":413.5,"height":282.5}},{"label":"apple","coordinates":{"x":116,"y":542,"width":102,"height":66}}]},{"image":"istockphoto-176643778-612x612_jpg.rf.32bae51d6dbb8a22d0d7f042242b3b3e.jpg","annotations":[{"label":"apple","coordinates":{"x":322.5,"y":307.5,"width":340.5,"height":507}}]},{"image":"istockphoto-1274818892-612x612_jpg.rf.311a82d493ead8be8b24cc7493b4c09e.jpg","annotations":[{"label":"apple","coordinates":{"x":321.5,"y":320.5,"width":145,"height":197.5}},{"label":"apple","coordinates":{"x":199.5,"y":412.5,"width":154.5,"height":188.5}},{"label":"apple","coordinates":{"x":433.5,"y":247,"width":148.5,"height":232.5}}]},{"image":"istockphoto-616859170-612x612_jpg.rf.2dd353dcf58e210a796f3f0930ea921b.jpg","annotations":[{"label":"apple","coordinates":{"x":302,"y":337.5,"width":447,"height":399}}]},{"image":"istockphoto-639234986-612x612_jpg.rf.283fba2be7ee8225b090d3e8c0c5531c.jpg","annotations":[{"label":"apple","coordinates":{"x":200,"y":339,"width":239.5,"height":366}},{"label":"apple","coordinates":{"x":458.5,"y":399.5,"width":217.5,"height":319}}]},{"image":"istockphoto-1028400652-612x612_jpg.rf.2a109c312146b6c4213c5e13da0e7bdf.jpg","annotations":[{"label":"apple","coordinates":{"x":271.5,"y":274.5,"width":238,"height":381.5}}]},{"image":"istockphoto-1214802312-612x612_jpg.rf.30d127c664966d497dbd1cdce8d21c8c.jpg","annotations":[{"label":"apple","coordinates":{"x":176.5,"y":465.5,"width":200,"height":265}},{"label":"apple","coordinates":{"x":381.5,"y":234.5,"width":164,"height":235.5}}]},{"image":"istockphoto-1257184947-612x612_jpg.rf.33b9aa181e0a5965555bbb3b39284034.jpg","annotations":[{"label":"apple","coordinates":{"x":353,"y":279,"width":165,"height":219.5}},{"label":"apple","coordinates":{"x":181.5,"y":318,"width":121,"height":169}},{"label":"apple","coordinates":{"x":253.5,"y":443.5,"width":142,"height":214.5}}]},{"image":"istockphoto-1143361052-612x612_jpg.rf.2a21babf9cf400e5dec85fb56b8eb4bc.jpg","annotations":[{"label":"apple","coordinates":{"x":355,"y":341.5,"width":240.5,"height":322.5}}]},{"image":"istockphoto-1177242383-612x612_jpg.rf.38ed1084ef123c76ce9d72e6d5fecbd1.jpg","annotations":[{"label":"apple","coordinates":{"x":213,"y":299,"width":312.5,"height":458.5}}]},{"image":"istockphoto-530674853-612x612_jpg.rf.3580a0bc337564818689c558a4f037b1.jpg","annotations":[{"label":"apple","coordinates":{"x":456,"y":253.5,"width":300.5,"height":207.5}},{"label":"apple","coordinates":{"x":158,"y":273.5,"width":269.5,"height":185}},{"label":"apple","coordinates":{"x":219.5,"y":470.5,"width":261.5,"height":164}}]},{"image":"istockphoto-184621100-612x612_jpg.rf.37e9b66f39241c93a53b37814f0b942a.jpg","annotations":[{"label":"apple","coordinates":{"x":469.5,"y":266,"width":172,"height":213.5}},{"label":"apple","coordinates":{"x":231,"y":453.5,"width":174.5,"height":220.5}},{"label":"apple","coordinates":{"x":91,"y":436,"width":110.5,"height":224}}]},{"image":"istockphoto-1455423997-612x612_jpg.rf.3cdaaa9bef1b6ce90ca7ce6e18c12706.jpg","annotations":[{"label":"apple","coordinates":{"x":202,"y":446,"width":162.5,"height":219.5}},{"label":"apple","coordinates":{"x":349,"y":246.5,"width":136,"height":207.5}},{"label":"apple","coordinates":{"x":498,"y":342.5,"width":166,"height":204}},{"label":"apple","coordinates":{"x":451.5,"y":42,"width":166,"height":83.5}}]},{"image":"istockphoto-512982347-612x612_jpg.rf.279c39b81f1a012c4ce49ed727302f90.jpg","annotations":[{"label":"apple","coordinates":{"x":459,"y":354.5,"width":276.5,"height":413}}]},{"image":"istockphoto-613780216-612x612_jpg.rf.45a94b79938b1b5211bc478e3c0f0a0c.jpg","annotations":[{"label":"apple","coordinates":{"x":159,"y":403.5,"width":205,"height":250}},{"label":"apple","coordinates":{"x":363,"y":218.5,"width":189.5,"height":232}},{"label":"apple","coordinates":{"x":519,"y":393.5,"width":164.5,"height":251.5}},{"label":"apple","coordinates":{"x":336.5,"y":459.5,"width":189.5,"height":253.5}},{"label":"apple","coordinates":{"x":186.5,"y":198,"width":145,"height":212}},{"label":"apple","coordinates":{"x":322,"y":94.5,"width":147.5,"height":120.5}},{"label":"apple","coordinates":{"x":487.5,"y":222,"width":91.5,"height":102.5}}]},{"image":"istockphoto-1212475585-612x612_jpg.rf.32dc0a4930c12dc1b632ca7290aa1411.jpg","annotations":[{"label":"apple","coordinates":{"x":449.5,"y":286,"width":188,"height":265}},{"label":"apple","coordinates":{"x":191.5,"y":475,"width":181.5,"height":204}}]},{"image":"apple-10-_jpg.rf.38bfc061e2aee9006bf4e33e28c54995.jpg","annotations":[{"label":"apple","coordinates":{"x":435,"y":555.5,"width":196.5,"height":124.5}}]},{"image":"apple-135-_jpg.rf.404c9077634d2c1d140022cb6ae1b1bc.jpg","annotations":[{"label":"apple","coordinates":{"x":162.5,"y":285,"width":261.5,"height":384}},{"label":"apple","coordinates":{"x":448,"y":328,"width":286,"height":480.5}}]},{"image":"istockphoto-519326213-612x612_jpg.rf.37c4193282d9a3821dea4bb30ac7076a.jpg","annotations":[{"label":"apple","coordinates":{"x":210.5,"y":127,"width":174.5,"height":219.5}},{"label":"apple","coordinates":{"x":300.5,"y":277,"width":182.5,"height":254.5}},{"label":"apple","coordinates":{"x":486.5,"y":443.5,"width":66,"height":113.5}},{"label":"apple","coordinates":{"x":361,"y":415,"width":138.5,"height":212.5}},{"label":"apple","coordinates":{"x":179.5,"y":401,"width":138.5,"height":223}},{"label":"apple","coordinates":{"x":103,"y":296.5,"width":131.5,"height":191.5}}]},{"image":"istockphoto-1141708425-612x612_jpg.rf.3c2b5104a8f6f3b4b78b98fb42b55488.jpg","annotations":[{"label":"apple","coordinates":{"x":204.5,"y":265.5,"width":275,"height":360}},{"label":"apple","coordinates":{"x":436,"y":393.5,"width":313.5,"height":380}},{"label":"apple","coordinates":{"x":444.5,"y":147,"width":228.5,"height":200}}]},{"image":"apple-205-_jpg.rf.43f17cdd61f62fd4e24ed1f079bb7731.jpg","annotations":[{"label":"apple","coordinates":{"x":348,"y":365,"width":258,"height":382.5}}]},{"image":"istockphoto-1139595161-612x612_jpg.rf.36a49a344440416114f9e5ab0fb00c5b.jpg","annotations":[{"label":"apple","coordinates":{"x":329,"y":347,"width":214,"height":359}}]},{"image":"apple-173-_jpg.rf.416a418eeef63764c5c546348961b8d0.jpg","annotations":[{"label":"apple","coordinates":{"x":237.5,"y":357,"width":303.5,"height":391}},{"label":"apple","coordinates":{"x":488.5,"y":316,"width":237,"height":333.5}}]},{"image":"istockphoto-173204974-612x612_jpg.rf.3584c1e4333677b20f31b1366a21063b.jpg","annotations":[{"label":"apple","coordinates":{"x":149.5,"y":314.5,"width":171,"height":207.5}}]},{"image":"apple-175-_jpg.rf.481a9754dc69e535748f7bc74d4f0184.jpg","annotations":[{"label":"apple","coordinates":{"x":437.5,"y":380.5,"width":373.5,"height":428}},{"label":"apple","coordinates":{"x":139.5,"y":339.5,"width":279,"height":352.5}}]},{"image":"apple-182-_jpg.rf.493a532f8eb84c5f625c04c564ced9bb.jpg","annotations":[{"label":"apple","coordinates":{"x":475.5,"y":336,"width":193,"height":258}}]},{"image":"apple-176-_jpg.rf.3dd1bd47557f0124985df536e0d8216e.jpg","annotations":[{"label":"apple","coordinates":{"x":129,"y":492,"width":226.5,"height":296}},{"label":"apple","coordinates":{"x":168.5,"y":269.5,"width":179,"height":170}},{"label":"apple","coordinates":{"x":343,"y":267.5,"width":159.5,"height":352.5}}]},{"image":"pexels-photo-14833455_jpeg.rf.3dc410667277045814fd606b8dd07b68.jpg","annotations":[{"label":"apple","coordinates":{"x":448,"y":210,"width":133.5,"height":78}},{"label":"apple","coordinates":{"x":457.5,"y":421.5,"width":130.5,"height":71}},{"label":"apple","coordinates":{"x":294.5,"y":293.5,"width":109.5,"height":67.5}},{"label":"apple","coordinates":{"x":240,"y":292.5,"width":16,"height":2}}]},{"image":"istockphoto-182512137-612x612_jpg.rf.42ef064018df2f7a2cb9597a455a35b8.jpg","annotations":[{"label":"apple","coordinates":{"x":345,"y":327.5,"width":538,"height":543}}]},{"image":"istockphoto-639812110-612x612_jpg.rf.3e614424733d8f48b09ee8d9dbbbc185.jpg","annotations":[{"label":"apple","coordinates":{"x":329.5,"y":305,"width":544,"height":540.5}}]},{"image":"istockphoto-615287930-612x612_jpg.rf.4a5729246abbf6ca15b288522e29f71c.jpg","annotations":[{"label":"apple","coordinates":{"x":367,"y":381,"width":188,"height":266.5}},{"label":"apple","coordinates":{"x":245,"y":476.5,"width":183.5,"height":256}},{"label":"apple","coordinates":{"x":90.5,"y":456,"width":128,"height":232}},{"label":"apple","coordinates":{"x":119.5,"y":157,"width":181.5,"height":195}}]},{"image":"apple-122-_jpg.rf.4d81616dc13fef941c7abf8cd2af2def.jpg","annotations":[{"label":"apple","coordinates":{"x":123,"y":380.5,"width":203.5,"height":382.5}},{"label":"apple","coordinates":{"x":523.5,"y":373.5,"width":205.5,"height":316}}]},{"image":"apple-136-_jpg.rf.46b4d1cf9b325728fb3a4b45f515d8e9.jpg","annotations":[{"label":"apple","coordinates":{"x":322,"y":308,"width":503.5,"height":545.5}}]},{"image":"istockphoto-1372969091-612x612_jpg.rf.50747150ca9506300187e3dccb5f7548.jpg","annotations":[{"label":"apple","coordinates":{"x":301.5,"y":313,"width":289.5,"height":451.5}}]},{"image":"istockphoto-157379742-612x612_jpg.rf.42854675872c228e3e9c670b581aa04d.jpg","annotations":[{"label":"apple","coordinates":{"x":130.5,"y":228.5,"width":196.5,"height":278.5}},{"label":"apple","coordinates":{"x":438.5,"y":251.5,"width":161.5,"height":208.5}},{"label":"apple","coordinates":{"x":290.5,"y":522,"width":185,"height":236}}]},{"image":"istockphoto-185232739-612x612_jpg.rf.4bef39bea5fd29dc7010ff9a1e037e28.jpg","annotations":[{"label":"apple","coordinates":{"x":551,"y":124.5,"width":62.5,"height":92}},{"label":"apple","coordinates":{"x":438.5,"y":126,"width":66,"height":95}},{"label":"apple","coordinates":{"x":372,"y":138.5,"width":56,"height":97}},{"label":"apple","coordinates":{"x":301,"y":149.5,"width":65,"height":95}},{"label":"apple","coordinates":{"x":233,"y":136,"width":61.5,"height":95}},{"label":"apple","coordinates":{"x":168.5,"y":147.5,"width":60.5,"height":105}},{"label":"apple","coordinates":{"x":104.5,"y":133.5,"width":56,"height":90}},{"label":"apple","coordinates":{"x":338.5,"y":229.5,"width":50,"height":78.5}},{"label":"apple","coordinates":{"x":415,"y":220.5,"width":65,"height":93.5}},{"label":"apple","coordinates":{"x":488.5,"y":196,"width":59.5,"height":92}},{"label":"apple","coordinates":{"x":549.5,"y":219.5,"width":51,"height":78.5}},{"label":"apple","coordinates":{"x":548,"y":313,"width":59.5,"height":82}},{"label":"apple","coordinates":{"x":551.5,"y":410.5,"width":59.5,"height":90}},{"label":"apple","coordinates":{"x":483.5,"y":298,"width":60.5,"height":102}},{"label":"apple","coordinates":{"x":425.5,"y":318,"width":74.5,"height":98.5}},{"label":"apple","coordinates":{"x":480,"y":400,"width":60.5,"height":98.5}},{"label":"apple","coordinates":{"x":352,"y":317,"width":60.5,"height":93.5}},{"label":"apple","coordinates":{"x":233.5,"y":228.5,"width":65,"height":107}},{"label":"apple","coordinates":{"x":288,"y":290.5,"width":67.5,"height":103.5}},{"label":"apple","coordinates":{"x":100.5,"y":226,"width":68.5,"height":92}},{"label":"apple","coordinates":{"x":169,"y":255.5,"width":59.5,"height":103.5}},{"label":"apple","coordinates":{"x":94,"y":320.5,"width":65,"height":93.5}},{"label":"apple","coordinates":{"x":155,"y":364,"width":64,"height":97}},{"label":"apple","coordinates":{"x":108.5,"y":420,"width":68.5,"height":98.5}},{"label":"apple","coordinates":{"x":200,"y":424,"width":56,"height":97}},{"label":"apple","coordinates":{"x":224.5,"y":327,"width":58,"height":83.5}},{"label":"apple","coordinates":{"x":294,"y":374.5,"width":39.5,"height":68.5}},{"label":"apple","coordinates":{"x":252,"y":393,"width":58,"height":105}},{"label":"apple","coordinates":{"x":97.5,"y":517.5,"width":58,"height":100}},{"label":"apple","coordinates":{"x":158,"y":511.5,"width":72,"height":102}},{"label":"apple","coordinates":{"x":223.5,"y":521,"width":64,"height":90}},{"label":"apple","coordinates":{"x":283,"y":475.5,"width":61.5,"height":100}},{"label":"apple","coordinates":{"x":342,"y":518.5,"width":57,"height":82}},{"label":"apple","coordinates":{"x":409.5,"y":518.5,"width":59.5,"height":102}},{"label":"apple","coordinates":{"x":477,"y":513.5,"width":61.5,"height":98.5}},{"label":"apple","coordinates":{"x":549,"y":513.5,"width":61.5,"height":105}},{"label":"apple","coordinates":{"x":413.5,"y":420,"width":58,"height":108.5}},{"label":"apple","coordinates":{"x":343.5,"y":421.5,"width":59.5,"height":95}}]},{"image":"istockphoto-1425520972-612x612_jpg.rf.56b251de605efae9f88cbe0bc72dc933.jpg","annotations":[{"label":"apple","coordinates":{"x":205,"y":191,"width":65.5,"height":50.5}},{"label":"apple","coordinates":{"x":232.5,"y":235.5,"width":73,"height":38.5}},{"label":"apple","coordinates":{"x":446,"y":21,"width":65.5,"height":42}},{"label":"apple","coordinates":{"x":432.5,"y":115,"width":70.5,"height":35}},{"label":"apple","coordinates":{"x":466.5,"y":257,"width":60,"height":43.5}},{"label":"apple","coordinates":{"x":387,"y":499.5,"width":73,"height":47}},{"label":"apple","coordinates":{"x":469.5,"y":498.5,"width":70.5,"height":49}},{"label":"apple","coordinates":{"x":104.5,"y":304,"width":89,"height":47}},{"label":"apple","coordinates":{"x":112.5,"y":213.5,"width":68,"height":47}},{"label":"apple","coordinates":{"x":111,"y":266,"width":55,"height":12}},{"label":"apple","coordinates":{"x":513.5,"y":308.5,"width":65.5,"height":42}},{"label":"apple","coordinates":{"x":436.5,"y":377.5,"width":68,"height":57.5}},{"label":"apple","coordinates":{"x":257.5,"y":484.5,"width":76,"height":38.5}},{"label":"apple","coordinates":{"x":208,"y":536,"width":81,"height":43.5}},{"label":"apple","coordinates":{"x":443,"y":27,"width":96.5,"height":47}},{"label":"apple","coordinates":{"x":52.5,"y":239,"width":36.5,"height":45.5}}]},{"image":"istockphoto-176098807-612x612_jpg.rf.4f883d667af38721356a41a36b5a14d4.jpg","annotations":[{"label":"apple","coordinates":{"x":458,"y":312,"width":288,"height":373}}]},{"image":"apple-179-_jpg.rf.542aa504c3ca3db6c4d3a2baadf4e21c.jpg","annotations":[{"label":"apple","coordinates":{"x":187,"y":154.5,"width":205.5,"height":126.5}},{"label":"apple","coordinates":{"x":381.5,"y":107,"width":152.5,"height":119.5}},{"label":"apple","coordinates":{"x":396.5,"y":237.5,"width":186,"height":110.5}},{"label":"apple","coordinates":{"x":437,"y":373,"width":224.5,"height":131.5}},{"label":"apple","coordinates":{"x":526.5,"y":536.5,"width":226.5,"height":160}}]},{"image":"istockphoto-855913398-612x612_jpg.rf.4d26236f19555cb99619f02fd1539904.jpg","annotations":[{"label":"apple","coordinates":{"x":287.5,"y":306,"width":233.5,"height":275}},{"label":"apple","coordinates":{"x":404.5,"y":385.5,"width":195,"height":243.5}}]},{"image":"istockphoto-1443252655-612x612_jpg.rf.5b76e6fdc2c9629b020a248d382ef78e.jpg","annotations":[{"label":"apple","coordinates":{"x":243.5,"y":338,"width":203.5,"height":307}}]},{"image":"istockphoto-617900754-612x612_jpg.rf.530a6b09b292c33ef472b90c8d45d402.jpg","annotations":[{"label":"apple","coordinates":{"x":324,"y":349.5,"width":267.5,"height":207.5}},{"label":"apple","coordinates":{"x":329,"y":517.5,"width":272,"height":146.5}}]},{"image":"apple-121-_jpg.rf.53302a02f1f6298a37da80f96b8b250e.jpg","annotations":[{"label":"apple","coordinates":{"x":320,"y":323,"width":584,"height":547.5}}]},{"image":"istockphoto-183422512-612x612_jpg.rf.62eb8458e462b8f5e46fab33d0d89379.jpg","annotations":[{"label":"apple","coordinates":{"x":178,"y":363,"width":300.5,"height":389.5}},{"label":"apple","coordinates":{"x":443,"y":208,"width":238,"height":211.5}}]},{"image":"istockphoto-1167377681-612x612_jpg.rf.60cfb0f3cbb43156887103bc27750f64.jpg","annotations":[{"label":"apple","coordinates":{"x":503,"y":117.5,"width":121,"height":165.5}},{"label":"apple","coordinates":{"x":559,"y":347,"width":130,"height":216}},{"label":"apple","coordinates":{"x":405.5,"y":267.5,"width":114,"height":200.5}},{"label":"apple","coordinates":{"x":439,"y":488,"width":109,"height":164}}]},{"image":"apple-120-_jpg.rf.51e85b10b8a9b36b9064b0c589539735.jpg","annotations":[{"label":"apple","coordinates":{"x":393,"y":326.5,"width":249,"height":319.5}},{"label":"apple","coordinates":{"x":97.5,"y":384,"width":194.5,"height":305.5}},{"label":"apple","coordinates":{"x":305.5,"y":562,"width":242,"height":156}},{"label":"apple","coordinates":{"x":208,"y":289.5,"width":163,"height":238.5}}]},{"image":"istockphoto-1098104634-612x612_jpg.rf.49598b4389d332a5ca2d5e2e572fc475.jpg","annotations":[{"label":"apple","coordinates":{"x":323,"y":130,"width":144,"height":82}},{"label":"apple","coordinates":{"x":338.5,"y":226.5,"width":138.5,"height":76.5}},{"label":"apple","coordinates":{"x":215.5,"y":285,"width":107,"height":92.5}},{"label":"apple","coordinates":{"x":55,"y":48,"width":110,"height":92.5}},{"label":"apple","coordinates":{"x":249.5,"y":421,"width":149,"height":68}},{"label":"apple","coordinates":{"x":448.5,"y":566.5,"width":91.5,"height":59.5}},{"label":"apple","coordinates":{"x":289,"y":561,"width":76,"height":59.5}},{"label":"apple","coordinates":{"x":482.5,"y":365,"width":96.5,"height":36.5}},{"label":"apple","coordinates":{"x":542.5,"y":613.5,"width":117.5,"height":52.5}}]},{"image":"istockphoto-172731537-612x612_jpg.rf.5e402043f9a94bba9f9c91b3fc2b20b7.jpg","annotations":[{"label":"apple","coordinates":{"x":243,"y":283,"width":304.5,"height":186.5}},{"label":"apple","coordinates":{"x":309.5,"y":149,"width":229,"height":127}},{"label":"apple","coordinates":{"x":303.5,"y":509.5,"width":479,"height":261}}]},{"image":"apple-238-_jpg.rf.63233cc57bc535850fb231016d5a3fa2.jpg","annotations":[{"label":"apple","coordinates":{"x":447.5,"y":299,"width":203.5,"height":268.5}},{"label":"apple","coordinates":{"x":304.5,"y":181.5,"width":170,"height":191}},{"label":"apple","coordinates":{"x":166,"y":301,"width":159.5,"height":265}},{"label":"apple","coordinates":{"x":330,"y":411.5,"width":196.5,"height":272}}]},{"image":"apple-275-_jpg.rf.62f8f04bc926b5eb17c60582be86ff45.jpg","annotations":[{"label":"apple","coordinates":{"x":325.5,"y":280,"width":272,"height":387.5}}]},{"image":"istockphoto-616859374-612x612_jpg.rf.60ddaa16f1410c5bb369ce16ceea6a16.jpg","annotations":[{"label":"apple","coordinates":{"x":234,"y":352,"width":201,"height":279.5}},{"label":"apple","coordinates":{"x":415,"y":474.5,"width":202,"height":267.5}},{"label":"apple","coordinates":{"x":153,"y":268,"width":180,"height":228}}]},{"image":"apple-170-_jpg.rf.6730668aaf727a5156002f967dbcdb7b.jpg","annotations":[{"label":"apple","coordinates":{"x":316.5,"y":363,"width":145.5,"height":210.5}},{"label":"apple","coordinates":{"x":219.5,"y":261.5,"width":123,"height":207}},{"label":"apple","coordinates":{"x":406,"y":259,"width":145.5,"height":205.5}},{"label":"apple","coordinates":{"x":528,"y":216.5,"width":119.5,"height":170}},{"label":"apple","coordinates":{"x":313,"y":148,"width":107,"height":110.5}}]},{"image":"istockphoto-90854698-612x612_jpg.rf.56cd04a71ad0e8128ea56d8d13df20a4.jpg","annotations":[{"label":"apple","coordinates":{"x":430,"y":245,"width":239.5,"height":357.5}},{"label":"apple","coordinates":{"x":250.5,"y":446,"width":203.5,"height":313.5}}]},{"image":"pexels-photo-3652898-1-_jpeg.rf.614704e71cd8b0c6f6ee686b99075471.jpg","annotations":[{"label":"apple","coordinates":{"x":306,"y":279.5,"width":400.5,"height":434.5}}]},{"image":"apple-146-_jpg.rf.54f384606f0bfcece304e18cb7dff088.jpg","annotations":[{"label":"apple","coordinates":{"x":420,"y":130,"width":117.5,"height":165}},{"label":"apple","coordinates":{"x":417.5,"y":316.5,"width":151,"height":177}},{"label":"apple","coordinates":{"x":582.5,"y":337.5,"width":112.5,"height":156}},{"label":"apple","coordinates":{"x":547.5,"y":52,"width":151,"height":103.5}},{"label":"apple","coordinates":{"x":106,"y":238.5,"width":145.5,"height":144}},{"label":"apple","coordinates":{"x":490.5,"y":496.5,"width":138.5,"height":179}},{"label":"apple","coordinates":{"x":278,"y":447.5,"width":128,"height":186}},{"label":"apple","coordinates":{"x":154.5,"y":158,"width":73.5,"height":151}},{"label":"apple","coordinates":{"x":184,"y":552,"width":98,"height":156}},{"label":"apple","coordinates":{"x":58,"y":471,"width":116,"height":166.5}},{"label":"apple","coordinates":{"x":238.5,"y":254.5,"width":87.5,"height":168.5}}]},{"image":"istockphoto-855772140-612x612_jpg.rf.66d75694b9fb0c447d8c22b256321a86.jpg","annotations":[{"label":"apple","coordinates":{"x":302,"y":332,"width":353,"height":287.5}},{"label":"apple","coordinates":{"x":207,"y":139.5,"width":302,"height":205.5}},{"label":"apple","coordinates":{"x":435.5,"y":536,"width":295,"height":190}},{"label":"apple","coordinates":{"x":411.5,"y":113.5,"width":121,"height":160.5}}]},{"image":"istockphoto-1126098926-612x612_jpg.rf.6930cfbd03e6a26295c4645f049fdfda.jpg","annotations":[{"label":"apple","coordinates":{"x":425.5,"y":185.5,"width":317,"height":284}}]},{"image":"istockphoto-1006017884-612x612_jpg.rf.69cace6eb70623878fd2a9d4616906ee.jpg","annotations":[{"label":"apple","coordinates":{"x":451.5,"y":259.5,"width":154.5,"height":223}},{"label":"apple","coordinates":{"x":421,"y":478.5,"width":138.5,"height":193.5}},{"label":"apple","coordinates":{"x":285.5,"y":225,"width":122,"height":167.5}},{"label":"apple","coordinates":{"x":87,"y":353,"width":151,"height":207.5}},{"label":"apple","coordinates":{"x":279,"y":484.5,"width":148.5,"height":216}},{"label":"apple","coordinates":{"x":186.5,"y":559.5,"width":119.5,"height":153.5}}]},{"image":"istockphoto-510904573-612x612_jpg.rf.62da3560fea51df0fbd65e2c533656ce.jpg","annotations":[{"label":"apple","coordinates":{"x":346,"y":150,"width":259.5,"height":275.5}},{"label":"apple","coordinates":{"x":226.5,"y":401,"width":237,"height":275.5}},{"label":"apple","coordinates":{"x":387,"y":435,"width":174.5,"height":225}}]},{"image":"istockphoto-92506986-612x612_jpg.rf.71340ce5a3d61e54e0cb77a04494e90e.jpg","annotations":[{"label":"apple","coordinates":{"x":322.5,"y":292,"width":247.5,"height":371}}]},{"image":"apple-5-_jpg.rf.67ebda947d6003bf261cc50a669c17c7.jpg","annotations":[{"label":"apple","coordinates":{"x":179,"y":183.5,"width":294.5,"height":226.5}},{"label":"apple","coordinates":{"x":293,"y":435,"width":245.5,"height":277}},{"label":"apple","coordinates":{"x":539,"y":406.5,"width":202,"height":295}},{"label":"apple","coordinates":{"x":83.5,"y":435,"width":166.5,"height":276.5}},{"label":"apple","coordinates":{"x":403.5,"y":261.5,"width":231.5,"height":133.5}}]},{"image":"istockphoto-1420689799-612x612_jpg.rf.6855f74a752d7b81e83dc9ca84ea5496.jpg","annotations":[{"label":"apple","coordinates":{"x":190,"y":222,"width":161.5,"height":266.5}},{"label":"apple","coordinates":{"x":389,"y":211,"width":151,"height":212.5}},{"label":"apple","coordinates":{"x":430,"y":425.5,"width":167.5,"height":233.5}},{"label":"apple","coordinates":{"x":311,"y":430.5,"width":117.5,"height":244}}]},{"image":"istockphoto-1385174656-612x612_jpg.rf.66cd7618f8eb6a6cacf26aab3bed5a78.jpg","annotations":[{"label":"apple","coordinates":{"x":400,"y":467,"width":73,"height":38.5}},{"label":"apple","coordinates":{"x":354,"y":501,"width":55,"height":43.5}},{"label":"apple","coordinates":{"x":444.5,"y":499.5,"width":78.5,"height":47}},{"label":"apple","coordinates":{"x":392,"y":465.5,"width":62.5,"height":31.5}},{"label":"apple","coordinates":{"x":294,"y":293,"width":55,"height":38.5}},{"label":"apple","coordinates":{"x":538.5,"y":559.5,"width":73,"height":28}},{"label":"apple","coordinates":{"x":605,"y":525.5,"width":49.5,"height":36.5}}]},{"image":"istockphoto-615287676-612x612_jpg.rf.6c49eb18666c3bd0463130798dba121d.jpg","annotations":[{"label":"apple","coordinates":{"x":134,"y":252,"width":212.5,"height":340}},{"label":"apple","coordinates":{"x":329,"y":367.5,"width":197.5,"height":286}},{"label":"apple","coordinates":{"x":580.5,"y":246,"width":119,"height":336}}]},{"image":"istockphoto-848956118-612x612_jpg.rf.6aa1f7067423131bca9d6c04c9da6d63.jpg","annotations":[{"label":"apple","coordinates":{"x":333,"y":284,"width":303.5,"height":481}}]},{"image":"istockphoto-1432407077-612x612_jpg.rf.6c85e1552314fe0bdf3781a674bc728d.jpg","annotations":[{"label":"apple","coordinates":{"x":363,"y":297,"width":344,"height":448}}]},{"image":"istockphoto-460231595-612x612_jpg.rf.72e2e2a602048937ffb60b7588f8d61e.jpg","annotations":[{"label":"apple","coordinates":{"x":423,"y":374,"width":295,"height":385}}]},{"image":"istockphoto-901436190-612x612_jpg.rf.6c088fe27d35e0b1033b914c30ec9e96.jpg","annotations":[{"label":"apple","coordinates":{"x":161.5,"y":126.5,"width":148.5,"height":183}},{"label":"apple","coordinates":{"x":97,"y":326,"width":152,"height":223}}]},{"image":"istockphoto-1140837238-612x612_jpg.rf.7175869a129787c158c7164fd0ef1afd.jpg","annotations":[{"label":"apple","coordinates":{"x":58,"y":49,"width":93,"height":97.5}},{"label":"apple","coordinates":{"x":176.5,"y":167.5,"width":88.5,"height":139.5}},{"label":"apple","coordinates":{"x":69.5,"y":275.5,"width":83.5,"height":143}},{"label":"apple","coordinates":{"x":165.5,"y":400,"width":87,"height":123.5}},{"label":"apple","coordinates":{"x":70.5,"y":510,"width":82.5,"height":123.5}},{"label":"apple","coordinates":{"x":272.5,"y":529,"width":89.5,"height":141}},{"label":"apple","coordinates":{"x":377,"y":406,"width":94,"height":125.5}},{"label":"apple","coordinates":{"x":470.5,"y":273,"width":83.5,"height":155}},{"label":"apple","coordinates":{"x":564.5,"y":167.5,"width":83.5,"height":125.5}},{"label":"apple","coordinates":{"x":465,"y":56,"width":72,"height":111.5}},{"label":"apple","coordinates":{"x":275,"y":57.5,"width":85,"height":115}},{"label":"apple","coordinates":{"x":369.5,"y":163,"width":86,"height":130.5}},{"label":"apple","coordinates":{"x":275,"y":264,"width":80,"height":113.5}},{"label":"apple","coordinates":{"x":471.5,"y":524.5,"width":74.5,"height":129}},{"label":"apple","coordinates":{"x":563,"y":399,"width":87,"height":139.5}},{"label":"apple","coordinates":{"x":373.5,"y":601.5,"width":85,"height":77}},{"label":"apple","coordinates":{"x":168.5,"y":603,"width":86,"height":73.5}},{"label":"apple","coordinates":{"x":567.5,"y":606.5,"width":73,"height":66.5}}]},{"image":"damaged_apple-261-_jpg.rf.77b164324f856906622bee97a311e975.jpg","annotations":[{"label":"apple","coordinates":{"x":129,"y":281.5,"width":187.5,"height":191}},{"label":"apple","coordinates":{"x":175.5,"y":463,"width":168.5,"height":235}},{"label":"apple","coordinates":{"x":315,"y":243,"width":149,"height":198}},{"label":"apple","coordinates":{"x":464,"y":219.5,"width":138.5,"height":189.5}},{"label":"apple","coordinates":{"x":524.5,"y":382.5,"width":168.5,"height":242}}]},{"image":"istockphoto-1355970775-612x612_jpg.rf.6f85bada0f387b04720bf19d4b9da1b2.jpg","annotations":[{"label":"apple","coordinates":{"x":282.5,"y":330.5,"width":183.5,"height":263}}]},{"image":"istockphoto-510377015-612x612_jpg.rf.735859a43ec0eac6a9944f7fa461ebe5.jpg","annotations":[{"label":"apple","coordinates":{"x":297.5,"y":375.5,"width":144,"height":214.5}},{"label":"apple","coordinates":{"x":25,"y":504.5,"width":50,"height":130.5}}]},{"image":"istockphoto-956588162-612x612_jpg.rf.79a946c80d1bbcd7804e9baec7ec2db1.jpg","annotations":[{"label":"apple","coordinates":{"x":335,"y":60,"width":219,"height":106.5}},{"label":"apple","coordinates":{"x":330.5,"y":172.5,"width":223.5,"height":136}},{"label":"apple","coordinates":{"x":516,"y":164.5,"width":166.5,"height":144.5}},{"label":"apple","coordinates":{"x":531,"y":303.5,"width":173,"height":129}},{"label":"apple","coordinates":{"x":345.5,"y":326,"width":157.5,"height":139.5}},{"label":"apple","coordinates":{"x":454.5,"y":451.5,"width":184.5,"height":104.5}},{"label":"apple","coordinates":{"x":176.5,"y":133.5,"width":175.5,"height":155}}]},{"image":"istockphoto-1365100064-612x612_jpg.rf.5cb43c3beebb9024d7b9075c2800e302.jpg","annotations":[{"label":"apple","coordinates":{"x":188,"y":271,"width":287.5,"height":396}},{"label":"apple","coordinates":{"x":412.5,"y":373.5,"width":328,"height":384}}]},{"image":"apple-239-_jpg.rf.7a6530f5c24acfe0c0be8171024170fa.jpg","annotations":[{"label":"apple","coordinates":{"x":188.5,"y":324.5,"width":131.5,"height":214}},{"label":"apple","coordinates":{"x":316.5,"y":308,"width":124.5,"height":240.5}},{"label":"apple","coordinates":{"x":452,"y":316.5,"width":124.5,"height":219.5}}]},{"image":"istockphoto-514610871-612x612_jpg.rf.771cd2a0e7a6360b9e48c2a9f6860bb7.jpg","annotations":[{"label":"apple","coordinates":{"x":135.5,"y":240,"width":126.5,"height":163.5}},{"label":"apple","coordinates":{"x":232.5,"y":374,"width":97.5,"height":148.5}},{"label":"apple","coordinates":{"x":338.5,"y":395,"width":105.5,"height":156.5}},{"label":"apple","coordinates":{"x":373.5,"y":292.5,"width":82.5,"height":116.5}},{"label":"apple","coordinates":{"x":545.5,"y":499,"width":82.5,"height":128}},{"label":"apple","coordinates":{"x":298,"y":503,"width":89.5,"height":106}}]},{"image":"istockphoto-509553390-612x612_jpg.rf.8658b7fec960814846a948cdbf5f3737.jpg","annotations":[{"label":"apple","coordinates":{"x":449,"y":235.5,"width":118,"height":184.5}},{"label":"apple","coordinates":{"x":560,"y":304.5,"width":122.5,"height":198.5}},{"label":"apple","coordinates":{"x":448.5,"y":429.5,"width":111,"height":193}},{"label":"apple","coordinates":{"x":539,"y":577,"width":120.5,"height":126}}]},{"image":"istockphoto-1328844606-612x612_jpg.rf.8bccd71e212558d6903c08a9d3700002.jpg","annotations":[{"label":"apple","coordinates":{"x":480.5,"y":275,"width":116.5,"height":160}},{"label":"apple","coordinates":{"x":317.5,"y":262.5,"width":123,"height":156.5}},{"label":"apple","coordinates":{"x":391,"y":375.5,"width":128,"height":174}}]},{"image":"apple-130-_jpg.rf.8e4643fa3ee7a2ee83d962988d2235ff.jpg","annotations":[{"label":"apple","coordinates":{"x":86,"y":246.5,"width":172,"height":237}},{"label":"apple","coordinates":{"x":119.5,"y":498,"width":238.5,"height":256}},{"label":"apple","coordinates":{"x":344.5,"y":369.5,"width":205.5,"height":272}},{"label":"apple","coordinates":{"x":567,"y":373,"width":146,"height":312}},{"label":"apple","coordinates":{"x":538.5,"y":80,"width":176.5,"height":160}},{"label":"apple","coordinates":{"x":326.5,"y":78.5,"width":200,"height":156.5}}]},{"image":"istockphoto-183557292-612x612_jpg.rf.860d73c22b57825f33a104d20c8bb09b.jpg","annotations":[{"label":"apple","coordinates":{"x":287,"y":192.5,"width":135,"height":183}},{"label":"apple","coordinates":{"x":190,"y":286,"width":143,"height":191.5}},{"label":"apple","coordinates":{"x":427,"y":400,"width":147.5,"height":200.5}},{"label":"apple","coordinates":{"x":182,"y":469.5,"width":126.5,"height":172.5}}]},{"image":"istockphoto-163668946-612x612_jpg.rf.82803f2f31335274a13e84f54334971b.jpg","annotations":[{"label":"apple","coordinates":{"x":478.5,"y":436.5,"width":256,"height":211}},{"label":"apple","coordinates":{"x":221,"y":483,"width":311,"height":219.5}},{"label":"apple","coordinates":{"x":279.5,"y":182,"width":256,"height":162}},{"label":"apple","coordinates":{"x":83,"y":95.5,"width":166,"height":149}},{"label":"apple","coordinates":{"x":79.5,"y":234.5,"width":154,"height":127}}]},{"image":"istockphoto-186495518-612x612_jpg.rf.76e20a0a0e15d30e4b29ca0566477e00.jpg","annotations":[{"label":"apple","coordinates":{"x":300,"y":220.5,"width":255.5,"height":392}},{"label":"apple","coordinates":{"x":220,"y":445.5,"width":270.5,"height":308.5}}]},{"image":"apple-168-_jpg.rf.7acd829a90510d8cb75f333e76f49f5f.jpg","annotations":[{"label":"apple","coordinates":{"x":328,"y":280.5,"width":558,"height":463}}]},{"image":"istockphoto-504043778-612x612_jpg.rf.6617b7c7046850b2c0a28ebbe44bbb5a.jpg","annotations":[{"label":"apple","coordinates":{"x":330.5,"y":140.5,"width":151.5,"height":186.5}},{"label":"apple","coordinates":{"x":198,"y":214.5,"width":134.5,"height":174.5}},{"label":"apple","coordinates":{"x":430,"y":457.5,"width":154,"height":221.5}},{"label":"apple","coordinates":{"x":522,"y":334,"width":127,"height":183}}]},{"image":"istockphoto-146863243-612x612_jpg.rf.8ec6018e9bef72fbae414aeeea9c475f.jpg","annotations":[{"label":"apple","coordinates":{"x":280,"y":307.5,"width":337,"height":475}}]},{"image":"istockphoto-1367865839-612x612_jpg.rf.8fa3f313c524b387193805c09cf4e108.jpg","annotations":[{"label":"apple","coordinates":{"x":176.5,"y":325.5,"width":146.5,"height":195}},{"label":"apple","coordinates":{"x":538,"y":133,"width":132,"height":193}},{"label":"apple","coordinates":{"x":410,"y":493,"width":158,"height":202.5}}]},{"image":"istockphoto-610154840-612x612_jpg.rf.8b418c9aed619c563269f7dddf95b2de.jpg","annotations":[{"label":"apple","coordinates":{"x":325.5,"y":378,"width":293,"height":332.5}}]},{"image":"apple-232-_jpg.rf.92f2cc33fd354545ef6d72d63b42675d.jpg","annotations":[{"label":"apple","coordinates":{"x":327,"y":353.5,"width":321,"height":468.5}}]},{"image":"apple-2-_jpg.rf.6c6af7eff2de20fbc77130f3da692efa.jpg","annotations":[{"label":"apple","coordinates":{"x":166.5,"y":348,"width":333,"height":384}},{"label":"apple","coordinates":{"x":363,"y":180.5,"width":266.5,"height":147.5}}]},{"image":"istockphoto-519167980-612x612_jpg.rf.9759eda174825225ecca0e9d64adb38e.jpg","annotations":[{"label":"apple","coordinates":{"x":345,"y":190,"width":121,"height":195}},{"label":"apple","coordinates":{"x":257,"y":340.5,"width":114,"height":197}},{"label":"apple","coordinates":{"x":165,"y":507,"width":118.5,"height":185}},{"label":"apple","coordinates":{"x":205,"y":90,"width":119.5,"height":169}},{"label":"apple","coordinates":{"x":55.5,"y":106.5,"width":111,"height":197.5}},{"label":"apple","coordinates":{"x":142,"y":255.5,"width":111.5,"height":162}},{"label":"apple","coordinates":{"x":44.5,"y":396,"width":89,"height":166}},{"label":"apple","coordinates":{"x":39,"y":564,"width":78,"height":152}}]},{"image":"istockphoto-545125216-612x612_jpg.rf.8fa2d59e9035e68102629f83f22bf6f9.jpg","annotations":[{"label":"apple","coordinates":{"x":298.5,"y":340,"width":309,"height":205.5}}]},{"image":"apple-144-_jpg.rf.931d28c47d5eb05e8cb234f4126e1ee1.jpg","annotations":[{"label":"apple","coordinates":{"x":150,"y":335,"width":268.5,"height":358}},{"label":"apple","coordinates":{"x":358,"y":124.5,"width":249,"height":179}},{"label":"apple","coordinates":{"x":578.5,"y":230,"width":123,"height":270}}]},{"image":"apple-62-_jpg.rf.9e9e2a0b7c74378a7a4a2a4c98aa3344.jpg","annotations":[{"label":"apple","coordinates":{"x":196.5,"y":378,"width":217.5,"height":324.5}},{"label":"apple","coordinates":{"x":447.5,"y":388.5,"width":196.5,"height":282.5}}]},{"image":"istockphoto-481107369-612x612_jpg.rf.955330768162bb6d013e21561c59ab3d.jpg","annotations":[{"label":"apple","coordinates":{"x":112,"y":328.5,"width":126.5,"height":225}},{"label":"apple","coordinates":{"x":243.5,"y":337.5,"width":119.5,"height":207.5}},{"label":"apple","coordinates":{"x":530,"y":336.5,"width":123,"height":198.5}}]},{"image":"damaged_apple-260-_jpg.rf.9e4ff88c03254606bf9be38704dcddf5.jpg","annotations":[{"label":"apple","coordinates":{"x":320,"y":351,"width":440.5,"height":442}}]},{"image":"istockphoto-517686982-612x612_jpg.rf.9ba202be83966c5acf331228ba769d54.jpg","annotations":[{"label":"apple","coordinates":{"x":438,"y":258,"width":172,"height":253}},{"label":"apple","coordinates":{"x":534,"y":492.5,"width":136,"height":170.5}}]},{"image":"istockphoto-467146539-612x612_jpg.rf.966b539739545effdaeac77281bc0f84.jpg","annotations":[{"label":"apple","coordinates":{"x":322,"y":308.5,"width":188,"height":293}}]},{"image":"istockphoto-1156892566-612x612_jpg.rf.9b16fc4663f3ec0363af5cd6b78d75b2.jpg","annotations":[{"label":"apple","coordinates":{"x":234,"y":260.5,"width":145,"height":228.5}},{"label":"apple","coordinates":{"x":365.5,"y":321.5,"width":136,"height":179.5}},{"label":"apple","coordinates":{"x":176.5,"y":422,"width":128,"height":188}},{"label":"apple","coordinates":{"x":250,"y":528,"width":97.5,"height":118.5}}]},{"image":"istockphoto-1198833937-612x612_jpg.rf.8ee14cb9b208a73741ce5c98619fcf4a.jpg","annotations":[{"label":"apple","coordinates":{"x":285.5,"y":290,"width":261.5,"height":399}},{"label":"apple","coordinates":{"x":518,"y":404.5,"width":232.5,"height":394}}]},{"image":"istockphoto-530963937-612x612_jpg.rf.9d57a769a13c55f7aec50191e3bc731a.jpg","annotations":[{"label":"apple","coordinates":{"x":370.5,"y":313,"width":130,"height":211}},{"label":"apple","coordinates":{"x":442,"y":490,"width":112.5,"height":174.5}},{"label":"apple","coordinates":{"x":490.5,"y":366,"width":79,"height":157}},{"label":"apple","coordinates":{"x":136.5,"y":537,"width":99,"height":153.5}},{"label":"apple","coordinates":{"x":137.5,"y":273.5,"width":64,"height":160.5}}]},{"image":"istockphoto-1172303929-612x612_jpg.rf.8994fa5b2939288d29860f75ba1f2e1b.jpg","annotations":[{"label":"apple","coordinates":{"x":290.5,"y":195,"width":174.5,"height":272}},{"label":"apple","coordinates":{"x":127,"y":283,"width":171,"height":242.5}},{"label":"apple","coordinates":{"x":189.5,"y":510.5,"width":153.5,"height":251}},{"label":"apple","coordinates":{"x":82,"y":536,"width":73,"height":207.5}}]},{"image":"istockphoto-1073320328-612x612_jpg.rf.940364ad78dd5ff30f5670253e44e7a1.jpg","annotations":[{"label":"apple","coordinates":{"x":302,"y":166.5,"width":142,"height":163}},{"label":"apple","coordinates":{"x":232.5,"y":294,"width":144,"height":196}},{"label":"apple","coordinates":{"x":133,"y":357.5,"width":94,"height":191}},{"label":"apple","coordinates":{"x":150.5,"y":576.5,"width":115,"height":126.5}},{"label":"apple","coordinates":{"x":522.5,"y":532.5,"width":112.5,"height":159.5}}]},{"image":"apple-229-_jpg.rf.9560ce7d94aeb82b6e8f4e2b0f6e2f3c.jpg","annotations":[{"label":"apple","coordinates":{"x":264,"y":344,"width":356,"height":484}}]},{"image":"apple-134-_jpg.rf.9a3a6f775c3f7797f80d7352ba8acd07.jpg","annotations":[{"label":"apple","coordinates":{"x":385,"y":258,"width":331.5,"height":228}},{"label":"apple","coordinates":{"x":216,"y":173,"width":326.5,"height":163}},{"label":"apple","coordinates":{"x":554,"y":128,"width":171.5,"height":137}}]},{"image":"apple-214-_jpg.rf.a4ca5ddc930be9d6e998c0764fa9898c.jpg","annotations":[{"label":"apple","coordinates":{"x":464,"y":344,"width":310.5,"height":193}},{"label":"apple","coordinates":{"x":177,"y":347.5,"width":263,"height":193}},{"label":"apple","coordinates":{"x":287.5,"y":457,"width":309,"height":212.5}}]},{"image":"apple-262-_jpg.rf.ab1b7808a13bb379480a81ce1776d19b.jpg","annotations":[{"label":"apple","coordinates":{"x":185,"y":336,"width":216,"height":324.5}}]},{"image":"istockphoto-517711705-612x612_jpg.rf.9a0be7d1e8f5f98710ea06796ece60ec.jpg","annotations":[{"label":"apple","coordinates":{"x":410,"y":381,"width":144,"height":193.5}},{"label":"apple","coordinates":{"x":582.5,"y":185.5,"width":115,"height":252.5}},{"label":"apple","coordinates":{"x":521,"y":360,"width":85,"height":141}},{"label":"apple","coordinates":{"x":93.5,"y":448,"width":133.5,"height":160.5}},{"label":"apple","coordinates":{"x":31.5,"y":349.5,"width":62.5,"height":172.5}},{"label":"apple","coordinates":{"x":483.5,"y":594.5,"width":100,"height":91}},{"label":"apple","coordinates":{"x":603.5,"y":562,"width":73,"height":156}}]},{"image":"istockphoto-1151537111-612x612_jpg.rf.757c77c72689d6e5ffab8911f0866c7c.jpg","annotations":[{"label":"apple","coordinates":{"x":175,"y":167.5,"width":319,"height":279}},{"label":"apple","coordinates":{"x":484.5,"y":462.5,"width":296.5,"height":291}}]},{"image":"istockphoto-1058057802-612x612_jpg.rf.9b04e67d8b990d546bb9916912674763.jpg","annotations":[{"label":"apple","coordinates":{"x":357.5,"y":326,"width":319.5,"height":453}},{"label":"apple","coordinates":{"x":211,"y":123,"width":168.5,"height":232}}]},{"image":"apple-200-_jpg.rf.ad21f9bb5d5a33dafb81303f4779870e.jpg","annotations":[{"label":"apple","coordinates":{"x":331.5,"y":247.5,"width":459.5,"height":256}}]},{"image":"istockphoto-1146717952-612x612_jpg.rf.a15e19a1c1e1e4ec0f4de8ca79b656dd.jpg","annotations":[{"label":"apple","coordinates":{"x":370.5,"y":333,"width":344,"height":526.5}},{"label":"apple","coordinates":{"x":232,"y":165.5,"width":194,"height":313.5}}]},{"image":"istockphoto-697485130-612x612_jpg.rf.a1afb8d4166d9dcb8e08b950de47197f.jpg","annotations":[{"label":"apple","coordinates":{"x":170.5,"y":243,"width":151.5,"height":120.5}},{"label":"apple","coordinates":{"x":318.5,"y":189,"width":154,"height":85.5}},{"label":"apple","coordinates":{"x":471,"y":272,"width":137,"height":111.5}},{"label":"apple","coordinates":{"x":319.5,"y":274.5,"width":161.5,"height":110}},{"label":"apple","coordinates":{"x":483.5,"y":374,"width":137,"height":89}},{"label":"apple","coordinates":{"x":314.5,"y":390.5,"width":171.5,"height":90.5}},{"label":"apple","coordinates":{"x":410.5,"y":488,"width":149,"height":90.5}},{"label":"apple","coordinates":{"x":233.5,"y":541,"width":64.5,"height":54}}]},{"image":"istockphoto-883969792-612x612_jpg.rf.a14f8ea9adba852dc2a7117a61addcfb.jpg","annotations":[{"label":"apple","coordinates":{"x":304,"y":357.5,"width":178,"height":279}},{"label":"apple","coordinates":{"x":144.5,"y":372,"width":131.5,"height":218}},{"label":"apple","coordinates":{"x":578,"y":73,"width":122,"height":136}},{"label":"apple","coordinates":{"x":392,"y":225,"width":110.5,"height":111.5}},{"label":"apple","coordinates":{"x":129,"y":500,"width":121,"height":122}}]},{"image":"istockphoto-1290035709-612x612_jpg.rf.ab2b5cf01074d995dd68555bac82f5a0.jpg","annotations":[{"label":"apple","coordinates":{"x":390,"y":177.5,"width":189.5,"height":250.5}},{"label":"apple","coordinates":{"x":236,"y":292.5,"width":179,"height":264}},{"label":"apple","coordinates":{"x":408,"y":426,"width":196,"height":253.5}}]},{"image":"istockphoto-176622794-612x612_jpg.rf.ad9251baf3ab6b807e8ff74f9a99fd57.jpg","annotations":[{"label":"apple","coordinates":{"x":347,"y":222,"width":152,"height":214.5}},{"label":"apple","coordinates":{"x":535.5,"y":439,"width":160.5,"height":212.5}},{"label":"apple","coordinates":{"x":415.5,"y":449,"width":103.5,"height":214.5}},{"label":"apple","coordinates":{"x":329.5,"y":422,"width":66,"height":188}}]},{"image":"istockphoto-157288827-612x612_jpg.rf.a177fa9116551397e9df9f88e71fcbd0.jpg","annotations":[{"label":"apple","coordinates":{"x":446,"y":424.5,"width":197.5,"height":249}}]},{"image":"pexels-photo-14833456_jpeg.rf.9c8b7063c7a5ab8286ca5cf56c21d80b.jpg","annotations":[{"label":"apple","coordinates":{"x":376,"y":94,"width":123,"height":85}},{"label":"apple","coordinates":{"x":261,"y":181.5,"width":102.5,"height":59.5}},{"label":"apple","coordinates":{"x":371.5,"y":255.5,"width":100.5,"height":54.5}},{"label":"apple","coordinates":{"x":359,"y":330,"width":111.5,"height":64}},{"label":"apple","coordinates":{"x":473,"y":356.5,"width":107,"height":62.5}},{"label":"apple","coordinates":{"x":297.5,"y":443.5,"width":125.5,"height":85}},{"label":"apple","coordinates":{"x":419.5,"y":401,"width":100.5,"height":61}},{"label":"apple","coordinates":{"x":522,"y":412,"width":109.5,"height":73}},{"label":"apple","coordinates":{"x":417,"y":481,"width":146,"height":56}}]},{"image":"istockphoto-1008889290-612x612_jpg.rf.b22139e9a36ab35d78de644ce0b6beee.jpg","annotations":[{"label":"apple","coordinates":{"x":370.5,"y":227,"width":28,"height":52}},{"label":"apple","coordinates":{"x":340.5,"y":256.5,"width":25.5,"height":45}},{"label":"apple","coordinates":{"x":494,"y":109.5,"width":35,"height":48.5}},{"label":"apple","coordinates":{"x":520.5,"y":271.5,"width":28,"height":54}},{"label":"apple","coordinates":{"x":262.5,"y":377,"width":30,"height":47}},{"label":"apple","coordinates":{"x":464,"y":204,"width":24.5,"height":43.5}}]},{"image":"istockphoto-861865042-612x612_jpg.rf.ae3eb22081e9432580b326280aa2cdb1.jpg","annotations":[{"label":"apple","coordinates":{"x":334,"y":355.5,"width":229,"height":355.5}},{"label":"apple","coordinates":{"x":157.5,"y":341.5,"width":110.5,"height":146.5}},{"label":"apple","coordinates":{"x":195,"y":145.5,"width":139.5,"height":148}}]},{"image":"apple-139-_jpg.rf.b3a5d4ba37aa2b87f6cb5c16e1deee72.jpg","annotations":[{"label":"apple","coordinates":{"x":232.5,"y":403.5,"width":128,"height":277}},{"label":"apple","coordinates":{"x":410.5,"y":391,"width":98,"height":270}},{"label":"apple","coordinates":{"x":123,"y":350,"width":94.5,"height":258}},{"label":"apple","coordinates":{"x":25,"y":226.5,"width":50,"height":293.5}},{"label":"apple","coordinates":{"x":520,"y":348,"width":110.5,"height":279}},{"label":"apple","coordinates":{"x":509,"y":568,"width":80.5,"height":143.5}}]},{"image":"istockphoto-920396082-612x612_jpg.rf.afc88b564e1f925e1ed6022ff1eea7af.jpg","annotations":[{"label":"apple","coordinates":{"x":175,"y":441,"width":182.5,"height":258}}]},{"image":"apple-191-_jpg.rf.b5262370ac99d143d49c9d58308c0158.jpg","annotations":[{"label":"apple","coordinates":{"x":213,"y":394.5,"width":279,"height":414}},{"label":"apple","coordinates":{"x":483.5,"y":280.5,"width":251,"height":393}},{"label":"apple","coordinates":{"x":262.5,"y":107,"width":191,"height":158}}]},{"image":"istockphoto-112802379-612x612_jpg.rf.a5d2b4947d609aa11680be269318bcc0.jpg","annotations":[{"label":"apple","coordinates":{"x":178,"y":309.5,"width":279,"height":336.5}}]},{"image":"istockphoto-528497694-612x612_jpg.rf.adaa7bcbe50f0e55de06ec08dee9ca54.jpg","annotations":[{"label":"apple","coordinates":{"x":489,"y":271,"width":183,"height":246}},{"label":"apple","coordinates":{"x":157,"y":367,"width":188,"height":235.5}},{"label":"apple","coordinates":{"x":53,"y":287.5,"width":100.5,"height":132.5}}]},{"image":"apple-211-_jpg.rf.b3ce9f9df4bdd8b7ac287e4498528360.jpg","annotations":[{"label":"apple","coordinates":{"x":176.5,"y":387,"width":293,"height":265}},{"label":"apple","coordinates":{"x":414,"y":512,"width":333.5,"height":256}},{"label":"apple","coordinates":{"x":410.5,"y":217.5,"width":242,"height":231.5}},{"label":"apple","coordinates":{"x":581.5,"y":329,"width":117,"height":317.5}},{"label":"apple","coordinates":{"x":216.5,"y":109.5,"width":194.5,"height":191}},{"label":"apple","coordinates":{"x":554,"y":106,"width":171.5,"height":180.5}},{"label":"apple","coordinates":{"x":47.5,"y":203.5,"width":94.5,"height":214}}]},{"image":"istockphoto-1158986028-612x612_jpg.rf.b1f869d69f856ba7af786d72a60bda68.jpg","annotations":[{"label":"apple","coordinates":{"x":239,"y":463.5,"width":182.5,"height":286}},{"label":"apple","coordinates":{"x":374.5,"y":388.5,"width":150,"height":209}}]},{"image":"apple-6-_jpg.rf.b156f247c9165a349f3f6359b784d5ab.jpg","annotations":[{"label":"apple","coordinates":{"x":186,"y":133.5,"width":151,"height":123}},{"label":"apple","coordinates":{"x":88.5,"y":273.5,"width":124.5,"height":109}},{"label":"apple","coordinates":{"x":269.5,"y":273,"width":209,"height":149}},{"label":"apple","coordinates":{"x":163,"y":425.5,"width":228,"height":163}},{"label":"apple","coordinates":{"x":474.5,"y":501,"width":173.5,"height":152.5}},{"label":"apple","coordinates":{"x":444.5,"y":216.5,"width":173.5,"height":163}},{"label":"apple","coordinates":{"x":251.5,"y":576.5,"width":196.5,"height":126.5}},{"label":"apple","coordinates":{"x":54.5,"y":149,"width":109,"height":130}},{"label":"apple","coordinates":{"x":551.5,"y":350,"width":176.5,"height":180}}]},{"image":"istockphoto-172206349-612x612_jpg.rf.b3bc36839397fc84b589f1dab25dce6b.jpg","annotations":[{"label":"apple","coordinates":{"x":321,"y":343.5,"width":354,"height":471.5}}]},{"image":"istockphoto-535164407-612x612_jpg.rf.b739a5eea27628531da8fed809ef4eaf.jpg","annotations":[{"label":"apple","coordinates":{"x":316,"y":505,"width":130,"height":210.5}}]},{"image":"istockphoto-155327372-612x612_jpg.rf.aefb2f83fc3d7e428878395b28eff5fe.jpg","annotations":[{"label":"apple","coordinates":{"x":340,"y":354.5,"width":196.5,"height":409.5}}]},{"image":"istockphoto-1303205530-612x612_jpg.rf.aeb40367dddf21dc3c5887408d88cbd2.jpg","annotations":[{"label":"apple","coordinates":{"x":322.5,"y":413,"width":254.5,"height":341.5}}]},{"image":"istockphoto-172287422-612x612_jpg.rf.af5c04c04dc7f6c4e2f6debddc8861e5.jpg","annotations":[{"label":"apple","coordinates":{"x":509,"y":312,"width":190.5,"height":268.5}},{"label":"apple","coordinates":{"x":355,"y":374.5,"width":117.5,"height":226.5}}]},{"image":"istockphoto-490076212-612x612_jpg.rf.b9edd2de25380ff7bf1ee54f5aa9c438.jpg","annotations":[{"label":"apple","coordinates":{"x":458.5,"y":406,"width":96.5,"height":115}},{"label":"apple","coordinates":{"x":541,"y":295.5,"width":82.5,"height":134}},{"label":"apple","coordinates":{"x":557,"y":584,"width":99,"height":112}},{"label":"apple","coordinates":{"x":471,"y":498.5,"width":94,"height":132.5}}]},{"image":"apple-174-_jpg.rf.bafe40d4ea99293d066cf9ca00d9b739.jpg","annotations":[{"label":"apple","coordinates":{"x":582,"y":532,"width":116,"height":82}},{"label":"apple","coordinates":{"x":418.5,"y":563,"width":93,"height":102}},{"label":"apple","coordinates":{"x":333.5,"y":453.5,"width":66.5,"height":47.5}},{"label":"apple","coordinates":{"x":143,"y":440.5,"width":114,"height":49}},{"label":"apple","coordinates":{"x":262.5,"y":452,"width":86,"height":65}}]},{"image":"apple-151-_jpg.rf.bd95fb8890ce7d7eac4fae689d58aba4.jpg","annotations":[{"label":"apple","coordinates":{"x":203.5,"y":184,"width":168.5,"height":172}},{"label":"apple","coordinates":{"x":87,"y":324.5,"width":163,"height":165}},{"label":"apple","coordinates":{"x":94,"y":516.5,"width":187.5,"height":205.5}},{"label":"apple","coordinates":{"x":322,"y":473.5,"width":240.5,"height":224.5}},{"label":"apple","coordinates":{"x":491,"y":304.5,"width":228,"height":173.5}},{"label":"apple","coordinates":{"x":549,"y":498,"width":172,"height":186}},{"label":"apple","coordinates":{"x":393,"y":145.5,"width":196.5,"height":179}},{"label":"apple","coordinates":{"x":574.5,"y":152,"width":117.5,"height":166.5}},{"label":"apple","coordinates":{"x":61.5,"y":164,"width":123,"height":142}}]},{"image":"istockphoto-1035234838-612x612_jpg.rf.ba2d281e8d6838c2b00ceee786f559cd.jpg","annotations":[{"label":"apple","coordinates":{"x":485,"y":316.5,"width":252,"height":362.5}}]},{"image":"istockphoto-968452032-612x612_jpg.rf.bdad403dd0f2dcfc91bd5b050c404bea.jpg","annotations":[{"label":"apple","coordinates":{"x":319.5,"y":266.5,"width":153,"height":182.5}},{"label":"apple","coordinates":{"x":404.5,"y":442,"width":158,"height":217.5}},{"label":"apple","coordinates":{"x":436,"y":237.5,"width":132,"height":159.5}},{"label":"apple","coordinates":{"x":501.5,"y":421,"width":127,"height":193}},{"label":"apple","coordinates":{"x":217.5,"y":441,"width":176.5,"height":237}},{"label":"apple","coordinates":{"x":128,"y":430,"width":115,"height":214}},{"label":"apple","coordinates":{"x":214.5,"y":246.5,"width":125.5,"height":152.5}}]},{"image":"istockphoto-172302012-612x612_jpg.rf.b681ebc7efba016ff97773f075de05f8.jpg","annotations":[{"label":"apple","coordinates":{"x":358.5,"y":148,"width":59.5,"height":104.5}},{"label":"apple","coordinates":{"x":481.5,"y":170,"width":68.5,"height":123.5}},{"label":"apple","coordinates":{"x":532,"y":144,"width":56,"height":99.5}},{"label":"apple","coordinates":{"x":368,"y":247.5,"width":66,"height":87}},{"label":"apple","coordinates":{"x":353,"y":352,"width":46.5,"height":83.5}},{"label":"apple","coordinates":{"x":536,"y":500,"width":22,"height":42}},{"label":"apple","coordinates":{"x":251,"y":478.5,"width":30,"height":33}},{"label":"apple","coordinates":{"x":176,"y":60,"width":29,"height":43.5}},{"label":"apple","coordinates":{"x":118.5,"y":551,"width":28,"height":42}},{"label":"apple","coordinates":{"x":133,"y":184,"width":31.5,"height":36.5}},{"label":"apple","coordinates":{"x":50,"y":128,"width":23,"height":40}}]},{"image":"istockphoto-173037020-612x612_jpg.rf.c581741c26ee995c73c26abe9ecafda3.jpg","annotations":[{"label":"apple","coordinates":{"x":231,"y":400.5,"width":51.5,"height":32}},{"label":"apple","coordinates":{"x":346,"y":339,"width":52.5,"height":36}},{"label":"apple","coordinates":{"x":447.5,"y":336,"width":52.5,"height":35}},{"label":"apple","coordinates":{"x":498.5,"y":345.5,"width":47.5,"height":37}},{"label":"apple","coordinates":{"x":503.5,"y":406,"width":52.5,"height":35}},{"label":"apple","coordinates":{"x":494.5,"y":441,"width":53.5,"height":33}},{"label":"apple","coordinates":{"x":412.5,"y":499.5,"width":49.5,"height":37.5}},{"label":"apple","coordinates":{"x":442,"y":211,"width":47.5,"height":25.5}},{"label":"apple","coordinates":{"x":220.5,"y":192.5,"width":58,"height":37}},{"label":"apple","coordinates":{"x":216.5,"y":295.5,"width":52.5,"height":26.5}},{"label":"apple","coordinates":{"x":370,"y":517,"width":41.5,"height":29}},{"label":"apple","coordinates":{"x":444,"y":209.5,"width":54,"height":28}}]},{"image":"istockphoto-470908792-612x612_jpg.rf.b7b118fff01d34811666706060e6573e.jpg","annotations":[{"label":"apple","coordinates":{"x":311.5,"y":354.5,"width":452,"height":472.5}}]},{"image":"pexels-photo-575610_jpeg.rf.c43c29cb45464e9c49da14259161709b.jpg","annotations":[{"label":"apple","coordinates":{"x":330.5,"y":329.5,"width":442.5,"height":330}}]},{"image":"pexels-photo-5530769_jpeg.rf.cc85afe5f285408fccce498363a51a1c.jpg","annotations":[{"label":"apple","coordinates":{"x":154.5,"y":546.5,"width":128,"height":108.5}}]},{"image":"istockphoto-496408640-612x612_jpg.rf.c90bef4add82572ef7edf0ba1e4ed45c.jpg","annotations":[{"label":"apple","coordinates":{"x":412.5,"y":285,"width":349.5,"height":418.5}},{"label":"apple","coordinates":{"x":163.5,"y":431.5,"width":294.5,"height":356.5}}]},{"image":"istockphoto-187872998-612x612_jpg.rf.c807740dbe72f53e2e62c977bccc5688.jpg","annotations":[{"label":"apple","coordinates":{"x":338.5,"y":375.5,"width":363.5,"height":228.5}},{"label":"apple","coordinates":{"x":215.5,"y":541,"width":217,"height":123.5}}]},{"image":"istockphoto-1141041495-612x612_jpg.rf.c9e0c8e0920ceffd36991a7a45d2a3fd.jpg","annotations":[{"label":"apple","coordinates":{"x":344.5,"y":366,"width":263,"height":268.5}}]},{"image":"istockphoto-1291349679-612x612_jpg.rf.ad32f0a872b64e07b92ff092692925f3.jpg","annotations":[{"label":"apple","coordinates":{"x":251,"y":361,"width":200,"height":153.5}},{"label":"apple","coordinates":{"x":404.5,"y":455,"width":195,"height":139.5}},{"label":"apple","coordinates":{"x":230,"y":468,"width":139.5,"height":64.5}},{"label":"apple","coordinates":{"x":474,"y":235.5,"width":181.5,"height":108}}]},{"image":"istockphoto-1355688743-612x612_jpg.rf.b722fae4419abcfcd5d5387c436748ce.jpg","annotations":[{"label":"apple","coordinates":{"x":342,"y":292,"width":152,"height":230.5}}]},{"image":"istockphoto-183288281-612x612_jpg.rf.c102f9b08f93baa4b5a8ca95b0a06890.jpg","annotations":[{"label":"apple","coordinates":{"x":365,"y":372,"width":302,"height":462}}]},{"image":"apple-152-_jpg.rf.c8a44d6d97cc6a3b51eb662a33676efa.jpg","annotations":[{"label":"apple","coordinates":{"x":152,"y":144,"width":152.5,"height":287.5}},{"label":"apple","coordinates":{"x":79,"y":402.5,"width":126.5,"height":387.5}},{"label":"apple","coordinates":{"x":207,"y":524.5,"width":147.5,"height":214}},{"label":"apple","coordinates":{"x":407,"y":279,"width":144,"height":214}},{"label":"apple","coordinates":{"x":388.5,"y":94,"width":138.5,"height":187.5}},{"label":"apple","coordinates":{"x":391,"y":504.5,"width":112.5,"height":268.5}},{"label":"apple","coordinates":{"x":513,"y":576,"width":131.5,"height":127.5}}]},{"image":"istockphoto-172367100-612x612_jpg.rf.bc5a6b80a5c8a36bd464effbca38ef6a.jpg","annotations":[{"label":"apple","coordinates":{"x":366.5,"y":157.5,"width":126.5,"height":211}},{"label":"apple","coordinates":{"x":527,"y":309.5,"width":145,"height":239}}]},{"image":"apple-198-_jpg.rf.cfac8653b7c68afb5f5a7cfeaaf50154.jpg","annotations":[{"label":"apple","coordinates":{"x":364,"y":385,"width":451,"height":307}},{"label":"apple","coordinates":{"x":481.5,"y":234,"width":317,"height":244}}]},{"image":"istockphoto-855913410-612x612_jpg.rf.cd7dea08461a482fa4054cdb90e36eb9.jpg","annotations":[{"label":"apple","coordinates":{"x":241,"y":286.5,"width":201,"height":270}},{"label":"apple","coordinates":{"x":354.5,"y":417.5,"width":169.5,"height":263}}]},{"image":"istockphoto-1281699530-612x612_jpg.rf.cd1dbf3cc13344c86c602687872e4b59.jpg","annotations":[{"label":"apple","coordinates":{"x":409.5,"y":262.5,"width":129,"height":200.5}},{"label":"apple","coordinates":{"x":543,"y":375.5,"width":89.5,"height":186.5}},{"label":"apple","coordinates":{"x":434,"y":469,"width":133.5,"height":202}}]},{"image":"pexels-photo-7399832_jpeg.rf.cf52e3b1cc75e949ec50ee3cfa6fb8d4.jpg","annotations":[{"label":"apple","coordinates":{"x":309.5,"y":383,"width":352,"height":254}}]},{"image":"apple-237-_jpg.rf.d0e240a2d582e90dedd2888c27f0450e.jpg","annotations":[{"label":"apple","coordinates":{"x":393,"y":271,"width":179,"height":240.5}}]},{"image":"apple-106-_jpg.rf.c9fda0b6bcd618369d8538b520821e4b.jpg","annotations":[{"label":"apple","coordinates":{"x":513.5,"y":248,"width":253,"height":416}},{"label":"apple","coordinates":{"x":245.5,"y":259,"width":291,"height":324.5}}]},{"image":"istockphoto-462034001-612x612_jpg.rf.d48eb6cd38df699560abf4c5f9a79d64.jpg","annotations":[{"label":"apple","coordinates":{"x":411.5,"y":228.5,"width":383.5,"height":380}}]},{"image":"istockphoto-1022720674-612x612_jpg.rf.d5644e01cc5604fabf6e87f972efec27.jpg","annotations":[{"label":"apple","coordinates":{"x":275,"y":366,"width":270.5,"height":359}},{"label":"apple","coordinates":{"x":469,"y":345,"width":119.5,"height":272}}]},{"image":"apple-125-_jpg.rf.ccb46b84ce7beba3b4d08de5f1b8e11f.jpg","annotations":[{"label":"apple","coordinates":{"x":512.5,"y":431.5,"width":154.5,"height":266.5}},{"label":"apple","coordinates":{"x":137,"y":466,"width":175.5,"height":275.5}},{"label":"apple","coordinates":{"x":65,"y":291,"width":123,"height":200}}]},{"image":"istockphoto-89223012-612x612_jpg.rf.bf4d167abb4f84f8f3423b3fce13373c.jpg","annotations":[{"label":"apple","coordinates":{"x":235.5,"y":302,"width":324,"height":447}},{"label":"apple","coordinates":{"x":580.5,"y":456.5,"width":119,"height":254}}]},{"image":"apple-165-_jpg.rf.d508774f458490aa1426c68fb7a7359a.jpg","annotations":[{"label":"apple","coordinates":{"x":359.5,"y":195.5,"width":266.5,"height":223}},{"label":"apple","coordinates":{"x":472,"y":416,"width":294.5,"height":256}},{"label":"apple","coordinates":{"x":165,"y":355.5,"width":263,"height":289.5}}]},{"image":"istockphoto-480263249-612x612_jpg.rf.c551a2fa1e8597ebc119f3c0d07bb6d4.jpg","annotations":[{"label":"apple","coordinates":{"x":375,"y":343.5,"width":327,"height":233.5}}]},{"image":"istockphoto-1290457391-612x612_jpg.rf.daf45d14c2fe5c244359bdcf61967965.jpg","annotations":[{"label":"apple","coordinates":{"x":324,"y":291,"width":300,"height":460}},{"label":"apple","coordinates":{"x":227.5,"y":514,"width":204.5,"height":251}}]},{"image":"istockphoto-615288320-612x612_jpg.rf.d52b537d6fec7c243bf0f4feb678d1fd.jpg","annotations":[{"label":"apple","coordinates":{"x":329.5,"y":357.5,"width":491.5,"height":331}}]},{"image":"istockphoto-1431610615-612x612_jpg.rf.d0c73b17fd3ac60738ecc2d46fdfd864.jpg","annotations":[{"label":"apple","coordinates":{"x":385.5,"y":290,"width":232.5,"height":158.5}}]},{"image":"istockphoto-115864788-612x612_jpg.rf.d8d1060b99c7ce4cdf80d3688c4b02c7.jpg","annotations":[{"label":"apple","coordinates":{"x":450.5,"y":394.5,"width":250,"height":383.5}}]},{"image":"apple-158-_jpg.rf.d5b7105a0574038b7ae1d7487a5d798e.jpg","annotations":[{"label":"apple","coordinates":{"x":282.5,"y":302,"width":544,"height":494.5}}]},{"image":"apple-129-_jpg.rf.d367d1dee1bbd7b2d4fd03d0a35774c0.jpg","annotations":[{"label":"apple","coordinates":{"x":542,"y":166,"width":144,"height":261.5}},{"label":"apple","coordinates":{"x":394,"y":180.5,"width":117.5,"height":256}},{"label":"apple","coordinates":{"x":94.5,"y":195.5,"width":147.5,"height":251}},{"label":"apple","coordinates":{"x":153.5,"y":473,"width":166.5,"height":265}},{"label":"apple","coordinates":{"x":471,"y":476.5,"width":145.5,"height":268.5}}]},{"image":"istockphoto-1195496913-612x612_jpg.rf.e0c199894a79c37540abb1a5381827ff.jpg","annotations":[{"label":"apple","coordinates":{"x":365.5,"y":285,"width":157,"height":239}},{"label":"apple","coordinates":{"x":414,"y":415.5,"width":173,"height":214.5}},{"label":"apple","coordinates":{"x":247.5,"y":361,"width":148.5,"height":223}},{"label":"apple","coordinates":{"x":77.5,"y":33,"width":124.5,"height":66}},{"label":"apple","coordinates":{"x":56,"y":363.5,"width":74.5,"height":85.5}},{"label":"apple","coordinates":{"x":33,"y":562,"width":57,"height":85.5}},{"label":"apple","coordinates":{"x":504.5,"y":608.5,"width":62.5,"height":63}}]},{"image":"istockphoto-1367670583-612x612_jpg.rf.e2718213edd26c52ea456c308c781f0e.jpg","annotations":[{"label":"apple","coordinates":{"x":428.5,"y":323.5,"width":260.5,"height":186.5}},{"label":"apple","coordinates":{"x":254,"y":504.5,"width":258,"height":141}},{"label":"apple","coordinates":{"x":491,"y":148,"width":215.5,"height":122}}]},{"image":"apple-140-_jpg.rf.c2d70c468f212c721dad4f6fe4e55eea.jpg","annotations":[{"label":"apple","coordinates":{"x":169.5,"y":367.5,"width":317.5,"height":328}},{"label":"apple","coordinates":{"x":483.5,"y":373,"width":282.5,"height":359.5}},{"label":"apple","coordinates":{"x":313,"y":152,"width":244,"height":135}}]},{"image":"istockphoto-1285960537-612x612_jpg.rf.d7d195e62a81803ac78d3c1456e60e3f.jpg","annotations":[{"label":"apple","coordinates":{"x":293,"y":353,"width":248.5,"height":367.5}},{"label":"apple","coordinates":{"x":497.5,"y":320,"width":207,"height":329.5}}]},{"image":"istockphoto-474066750-612x612_jpg.rf.d7dec10ac0e4418bc9ec729769dfe3a5.jpg","annotations":[{"label":"apple","coordinates":{"x":167.5,"y":271.5,"width":227,"height":240}},{"label":"apple","coordinates":{"x":369.5,"y":174,"width":243.5,"height":286.5}},{"label":"apple","coordinates":{"x":476.5,"y":457,"width":242,"height":259}}]},{"image":"istockphoto-627319390-612x612_jpg.rf.d7bc89eb23ac9670b43150f6070bfe19.jpg","annotations":[{"label":"apple","coordinates":{"x":278.5,"y":393,"width":257,"height":361}}]},{"image":"apple-8-_jpg.rf.dd237f56e2c36bf7cd6ea708f772c242.jpg","annotations":[{"label":"apple","coordinates":{"x":294.5,"y":377,"width":224.5,"height":323}},{"label":"apple","coordinates":{"x":512.5,"y":370,"width":182.5,"height":330}}]},{"image":"istockphoto-1253458405-612x612_jpg.rf.de9e5733c359f4af68bfbd2d21d5e855.jpg","annotations":[{"label":"apple","coordinates":{"x":527.5,"y":448.5,"width":53,"height":115}},{"label":"apple","coordinates":{"x":474,"y":491,"width":51.5,"height":143}},{"label":"apple","coordinates":{"x":344.5,"y":487,"width":65,"height":150.5}},{"label":"apple","coordinates":{"x":401,"y":455.5,"width":54,"height":143}},{"label":"apple","coordinates":{"x":474,"y":419.5,"width":41,"height":56.5}},{"label":"apple","coordinates":{"x":343.5,"y":491,"width":61,"height":158}},{"label":"apple","coordinates":{"x":283,"y":479.5,"width":49.5,"height":131.5}},{"label":"apple","coordinates":{"x":236,"y":495,"width":48,"height":116.5}},{"label":"apple","coordinates":{"x":164.5,"y":505,"width":58.5,"height":141}},{"label":"apple","coordinates":{"x":114,"y":472,"width":44,"height":101.5}},{"label":"apple","coordinates":{"x":43.5,"y":473,"width":60.5,"height":122.5}},{"label":"apple","coordinates":{"x":121,"y":244.5,"width":43.5,"height":98}},{"label":"apple","coordinates":{"x":118,"y":332,"width":54,"height":66}},{"label":"apple","coordinates":{"x":155,"y":321,"width":33.5,"height":69.5}},{"label":"apple","coordinates":{"x":73.5,"y":275.5,"width":41,"height":77}},{"label":"apple","coordinates":{"x":83.5,"y":200.5,"width":33,"height":54.5}},{"label":"apple","coordinates":{"x":131,"y":214.5,"width":41,"height":45}},{"label":"apple","coordinates":{"x":239,"y":418.5,"width":40.5,"height":47}}]},{"image":"istockphoto-934102432-612x612_jpg.rf.ea42c0adba4bceef13c816bb4c2a12be.jpg","annotations":[{"label":"apple","coordinates":{"x":339.5,"y":125.5,"width":104.5,"height":136.5}},{"label":"apple","coordinates":{"x":428,"y":194,"width":122,"height":162}},{"label":"apple","coordinates":{"x":535,"y":228.5,"width":112.5,"height":150}},{"label":"apple","coordinates":{"x":531.5,"y":382.5,"width":124.5,"height":145}},{"label":"apple","coordinates":{"x":415.5,"y":383.5,"width":117.5,"height":156.5}},{"label":"apple","coordinates":{"x":458.5,"y":544.5,"width":122,"height":128}},{"label":"apple","coordinates":{"x":450.5,"y":88.5,"width":112.5,"height":89.5}}]},{"image":"istockphoto-1346665633-612x612_jpg.rf.e03a2b4cc16b8382d9a46d40db3a9318.jpg","annotations":[{"label":"apple","coordinates":{"x":245.5,"y":249,"width":137.5,"height":118.5}},{"label":"apple","coordinates":{"x":297,"y":171,"width":95.5,"height":66}},{"label":"apple","coordinates":{"x":333,"y":246,"width":79,"height":62.5}},{"label":"apple","coordinates":{"x":471.5,"y":463.5,"width":216.5,"height":146.5}},{"label":"apple","coordinates":{"x":28,"y":472.5,"width":56,"height":104.5}}]},{"image":"istockphoto-886908000-612x612_jpg.rf.e61e3982b3393570a3f3936a1685c25a.jpg","annotations":[{"label":"apple","coordinates":{"x":172,"y":351,"width":167.5,"height":367.5}},{"label":"apple","coordinates":{"x":327,"y":389.5,"width":215,"height":298}},{"label":"apple","coordinates":{"x":490,"y":340.5,"width":164,"height":273.5}},{"label":"apple","coordinates":{"x":248,"y":168,"width":147.5,"height":137.5}},{"label":"apple","coordinates":{"x":397,"y":191.5,"width":159,"height":150}}]},{"image":"istockphoto-853460378-612x612_jpg.rf.e318d39bdaa2d6f9468748eee5c0be2d.jpg","annotations":[{"label":"apple","coordinates":{"x":211,"y":304,"width":222,"height":347}},{"label":"apple","coordinates":{"x":373.5,"y":347,"width":131.5,"height":185}},{"label":"apple","coordinates":{"x":368.5,"y":456,"width":197.5,"height":218}}]},{"image":"istockphoto-500049398-612x612_jpg.rf.dda5c9601d8bf259b957d35e0e17855c.jpg","annotations":[{"label":"apple","coordinates":{"x":226.5,"y":363.5,"width":125.5,"height":190}}]},{"image":"istockphoto-1301618737-612x612_jpg.rf.eb5bc428bd955846f55673b18aae750a.jpg","annotations":[{"label":"apple","coordinates":{"x":149.5,"y":157.5,"width":194,"height":137.5}},{"label":"apple","coordinates":{"x":200.5,"y":301.5,"width":165,"height":167.5}},{"label":"apple","coordinates":{"x":413,"y":265,"width":217.5,"height":160.5}},{"label":"apple","coordinates":{"x":395.5,"y":487,"width":188.5,"height":144.5}},{"label":"apple","coordinates":{"x":530.5,"y":545.5,"width":212.5,"height":150}},{"label":"apple","coordinates":{"x":314.5,"y":573.5,"width":178,"height":101}}]},{"image":"istockphoto-1058054166-612x612_jpg.rf.e27f04d188437623aaa2e9653a9acca7.jpg","annotations":[{"label":"apple","coordinates":{"x":311.5,"y":374,"width":283.5,"height":451.5}}]},{"image":"istockphoto-1281438288-612x612_jpg.rf.f887316237fa4884793d02220b13f9ac.jpg","annotations":[{"label":"apple","coordinates":{"x":234.5,"y":252,"width":209,"height":295.5}},{"label":"apple","coordinates":{"x":161.5,"y":464,"width":181.5,"height":264.5}},{"label":"apple","coordinates":{"x":36.5,"y":493,"width":73,"height":294}},{"label":"apple","coordinates":{"x":333,"y":378,"width":119.5,"height":234.5}}]},{"image":"istockphoto-485317125-612x612_jpg.rf.ecc9215a730653ef99c80b46be343da3.jpg","annotations":[{"label":"apple","coordinates":{"x":262.5,"y":217,"width":306,"height":211}},{"label":"apple","coordinates":{"x":384.5,"y":441,"width":329.5,"height":209}}]},{"image":"istockphoto-1176414336-612x612_jpg.rf.d88265e43964ee8eeb84444868554881.jpg","annotations":[{"label":"apple","coordinates":{"x":291.5,"y":340,"width":276.5,"height":369.5}}]},{"image":"istockphoto-172988310-612x612_jpg.rf.e6c998070cfa193139aa4a4c23f8800f.jpg","annotations":[{"label":"apple","coordinates":{"x":327.5,"y":366,"width":225.5,"height":289.5}}]},{"image":"istockphoto-1292929580-612x612_jpg.rf.eb5f14c81cdac5016936b9c3a4a46542.jpg","annotations":[{"label":"apple","coordinates":{"x":370.5,"y":391.5,"width":267.5,"height":378}}]},{"image":"istockphoto-592388264-612x612_jpg.rf.f56545ce3f795d9fb414b79977e6e82d.jpg","annotations":[{"label":"apple","coordinates":{"x":155,"y":350.5,"width":185,"height":226.5}},{"label":"apple","coordinates":{"x":388,"y":258,"width":179,"height":261.5}},{"label":"apple","coordinates":{"x":323,"y":483.5,"width":167.5,"height":284}}]},{"image":"istockphoto-106586560-612x612_jpg.rf.fa3a97e2b3cc6a98deaced207464ba6e.jpg","annotations":[{"label":"apple","coordinates":{"x":330,"y":150,"width":197.5,"height":251}},{"label":"apple","coordinates":{"x":450.5,"y":366.5,"width":174,"height":224.5}}]},{"image":"istockphoto-479821190-612x612_jpg.rf.f6c2d2a6747d6355b2c8d55f13d0e9b0.jpg","annotations":[{"label":"apple","coordinates":{"x":441,"y":407,"width":249.5,"height":352.5}},{"label":"apple","coordinates":{"x":187.5,"y":357.5,"width":255,"height":340}},{"label":"apple","coordinates":{"x":331.5,"y":165,"width":247,"height":205}}]},{"image":"istockphoto-451559557-612x612_jpg.rf.f1fff43bfe544cb9148b1711f3893b8b.jpg","annotations":[{"label":"apple","coordinates":{"x":299,"y":289.5,"width":140.5,"height":219.5}},{"label":"apple","coordinates":{"x":309.5,"y":482,"width":138.5,"height":155}},{"label":"apple","coordinates":{"x":174.5,"y":314.5,"width":67.5,"height":130.5}}]},{"image":"apple-193-_jpg.rf.fa69fca1726cebd936489de51a63622d.jpg","annotations":[{"label":"apple","coordinates":{"x":456,"y":288.5,"width":151,"height":212.5}},{"label":"apple","coordinates":{"x":318.5,"y":286,"width":138.5,"height":256}},{"label":"apple","coordinates":{"x":180,"y":294.5,"width":124.5,"height":221}}]},{"image":"apple-278-_jpg.rf.fb14eb924f78f022c9dd11a33d4a8532.jpg","annotations":[{"label":"apple","coordinates":{"x":223.5,"y":387,"width":187.5,"height":296.5}}]},{"image":"istockphoto-1385174108-612x612_jpg.rf.fb4ccfee22681984a277f121a8a5ac16.jpg","annotations":[{"label":"apple","coordinates":{"x":355.5,"y":240.5,"width":57.5,"height":45.5}},{"label":"apple","coordinates":{"x":289,"y":257,"width":44.5,"height":47}},{"label":"apple","coordinates":{"x":248.5,"y":274.5,"width":68,"height":47}},{"label":"apple","coordinates":{"x":320.5,"y":323.5,"width":55,"height":40}},{"label":"apple","coordinates":{"x":212,"y":300,"width":31.5,"height":35}},{"label":"apple","coordinates":{"x":210.5,"y":357.5,"width":55,"height":38.5}},{"label":"apple","coordinates":{"x":457.5,"y":414,"width":52.5,"height":43.5}},{"label":"apple","coordinates":{"x":404,"y":400,"width":55,"height":43.5}},{"label":"apple","coordinates":{"x":371,"y":350.5,"width":73,"height":38.5}},{"label":"apple","coordinates":{"x":193.5,"y":470.5,"width":83.5,"height":42}},{"label":"apple","coordinates":{"x":336,"y":542,"width":65.5,"height":38.5}}]},{"image":"istockphoto-172318912-612x612_jpg.rf.fccd003947a538314dd4ed0ca21ec5f5.jpg","annotations":[{"label":"apple","coordinates":{"x":354,"y":329.5,"width":331,"height":487}}]},{"image":"istockphoto-1172354686-612x612_jpg.rf.ea8fb1a93236ef7d37cba77cdb4fa00e.jpg","annotations":[{"label":"apple","coordinates":{"x":330.5,"y":388.5,"width":317,"height":502}}]},{"image":"pexels-photo-5530774_jpeg.rf.f833fa653faccf4a8683ed3342a8aefa.jpg","annotations":[{"label":"apple","coordinates":{"x":162,"y":334,"width":153,"height":234.5}}]},{"image":"istockphoto-906818402-612x612_jpg.rf.ed8fd09a6f5672cc8b3be1ccc11be747.jpg","annotations":[{"label":"apple","coordinates":{"x":484.5,"y":269.5,"width":187,"height":239}},{"label":"apple","coordinates":{"x":159.5,"y":360,"width":185.5,"height":249}},{"label":"apple","coordinates":{"x":67.5,"y":273.5,"width":127,"height":125.5}}]},{"image":"apple-225-_jpg.rf.f4a3e0cd3bb328dd1062efcfee751b6e.jpg","annotations":[{"label":"apple","coordinates":{"x":379,"y":301,"width":207,"height":237}}]},{"image":"apple-143-_jpg.rf.e592d4d982dc6c5ba76ec34d459a7db6.jpg","annotations":[{"label":"apple","coordinates":{"x":287.5,"y":163,"width":147.5,"height":214}},{"label":"apple","coordinates":{"x":165,"y":325.5,"width":130,"height":205.5}},{"label":"apple","coordinates":{"x":363,"y":381.5,"width":179,"height":244}},{"label":"apple","coordinates":{"x":544.5,"y":316,"width":138.5,"height":210.5}},{"label":"apple","coordinates":{"x":466.5,"y":561,"width":158,"height":157.5}},{"label":"apple","coordinates":{"x":144,"y":525.5,"width":182.5,"height":187.5}},{"label":"apple","coordinates":{"x":326,"y":575,"width":154,"height":130}}]},{"image":"istockphoto-612242326-612x612_jpg.rf.fdc1239027ff5a33a7e62ba163f76918.jpg","annotations":[{"label":"apple","coordinates":{"x":213.5,"y":294,"width":161.5,"height":190.5}},{"label":"apple","coordinates":{"x":399,"y":314.5,"width":209,"height":268.5}}]},{"image":"istockphoto-93246473-612x612_jpg.rf.f239ce2bb6d299db9a9d8812ece00f16.jpg","annotations":[{"label":"apple","coordinates":{"x":377,"y":241.5,"width":276,"height":176}},{"label":"apple","coordinates":{"x":236.5,"y":403.5,"width":268,"height":155}}]},{"image":"istockphoto-1040630372-612x612_jpg.rf.f940b8f87335c90bd817be151dd770ce.jpg","annotations":[{"label":"apple","coordinates":{"x":240,"y":341.5,"width":243,"height":334.5}},{"label":"apple","coordinates":{"x":379.5,"y":239,"width":129,"height":188}}]},{"image":"istockphoto-93139902-612x612_jpg.rf.f8eef19695189ba0d3257deb0e6d4990.jpg","annotations":[{"label":"apple","coordinates":{"x":111,"y":234.5,"width":128,"height":221.5}},{"label":"apple","coordinates":{"x":209,"y":313,"width":144,"height":200.5}},{"label":"apple","coordinates":{"x":298.5,"y":150,"width":103.5,"height":146.5}},{"label":"apple","coordinates":{"x":361.5,"y":470.5,"width":163.5,"height":216}},{"label":"apple","coordinates":{"x":434.5,"y":200.5,"width":48.5,"height":69.5}},{"label":"apple","coordinates":{"x":552.5,"y":252,"width":38,"height":47}},{"label":"apple","coordinates":{"x":521,"y":533.5,"width":38,"height":73}},{"label":"apple","coordinates":{"x":536.5,"y":605.5,"width":46,"height":57.5}}]},{"image":"istockphoto-516686107-612x612_jpg.rf.fc67461f1c38a90b0da372046000bca8.jpg","annotations":[{"label":"apple","coordinates":{"x":370.5,"y":264,"width":309,"height":232}},{"label":"apple","coordinates":{"x":426.5,"y":456.5,"width":295,"height":160.5}}]},{"image":"istockphoto-183323032-612x612_jpg.rf.f2e85bed3677b4114bd9ede2298bfbb8.jpg","annotations":[{"label":"apple","coordinates":{"x":387.5,"y":209,"width":131.5,"height":188}},{"label":"apple","coordinates":{"x":272,"y":145.5,"width":128,"height":193.5}},{"label":"apple","coordinates":{"x":103.5,"y":327,"width":114,"height":186.5}},{"label":"apple","coordinates":{"x":189.5,"y":468,"width":137,"height":214.5}}]},{"image":"istockphoto-638511790-612x612_jpg.rf.fe07a74bdb2d29286c1796ff847cde4d.jpg","annotations":[{"label":"apple","coordinates":{"x":480.5,"y":377,"width":171,"height":232}},{"label":"apple","coordinates":{"x":265,"y":235.5,"width":160.5,"height":214.5}}]},{"image":"istockphoto-1015451322-612x612_jpg.rf.fa193eefc6a9a1529e84ff145578ab74.jpg","annotations":[{"label":"apple","coordinates":{"x":401,"y":386,"width":300,"height":444.5}}]},{"image":"apple-157-_jpg.rf.e42ae5f0a9e452745b58a5ce52710b0e.jpg","annotations":[{"label":"apple","coordinates":{"x":310.5,"y":331.5,"width":530,"height":519}}]}]